[2026-05-12 20:59:25] INFO | handler=ChatHandler user_id=0eb4dc4f-646c-449d-87d7-c5d97f092467 mode= level=INFO message=Received chat request timestamp=2026-05-12T20:59:25+08:00 traceId= conversation_id=conversation-1778326203512209000 message_preview=贵州茅台2024年经营活动产生的现金流量净额是多少？ 
[2026-05-12 20:59:25] INFO | component=Chain traceId=1778590765680614000-25011 level=INFO message=Component started timestamp=2026-05-12T20:59:25+08:00 
[2026-05-12 20:59:25] INFO | message=Component started timestamp=2026-05-12T20:59:25+08:00 component=Lambda traceId=1778590765680614000-25011 level=INFO 
[2026-05-12 20:59:25] DEBUG | level=DEBUG message=chain.validate_input completed operation=validate_input success=true question=贵州茅台2024年经营活动产生的现金流量净额是多少？ top_k=5 timestamp=2026-05-12T20:59:25+08:00 traceId=1778590765680614000-25011 component=chain duration_ms=0 stock_code=600519 
[2026-05-12 20:59:25] INFO | timestamp=2026-05-12T20:59:25+08:00 component=Lambda traceId=1778590765680614000-25011 level=INFO message=Component completed 
[2026-05-12 20:59:25] INFO | level=INFO message=Component started timestamp=2026-05-12T20:59:25+08:00 component=Lambda traceId=1778590765680614000-25011 
[2026-05-12 20:59:26] DEBUG | duration_ms=330 stock_code=600519 level=DEBUG timestamp=2026-05-12T20:59:26+08:00 traceId=1778590765680614000-25011 success=true top_k=5 message=chain.retrieve_context completed component=chain operation=retrieve_context 
[2026-05-12 20:59:26] DEBUG | timestamp=2026-05-12T20:59:26+08:00 traceId=1778590765680614000-25011 component=chain operation=retrieve_context_done retrieved_count=2 level=DEBUG message=chain.retrieve_context_done recorded 
[2026-05-12 20:59:26] INFO | timestamp=2026-05-12T20:59:26+08:00 component=Lambda traceId=1778590765680614000-25011 level=INFO message=Component completed 
[2026-05-12 20:59:26] INFO | component=Lambda traceId=1778590765680614000-25011 level=INFO message=Component started timestamp=2026-05-12T20:59:26+08:00 
[2026-05-12 20:59:26] INFO | component=ChatTemplate traceId=1778590765680614000-25011 level=INFO message=Component started timestamp=2026-05-12T20:59:26+08:00 
[2026-05-12 20:59:26] INFO | level=INFO message=Component completed timestamp=2026-05-12T20:59:26+08:00 component=ChatTemplate traceId=1778590765680614000-25011 
[2026-05-12 20:59:26] DEBUG | component=chain duration_ms=0 chunk_count=2 timestamp=2026-05-12T20:59:26+08:00 traceId=1778590765680614000-25011 operation=build_prompt success=true level=DEBUG message=chain.build_prompt completed 
[2026-05-12 20:59:26] INFO | component=Lambda traceId=1778590765680614000-25011 level=INFO message=Component completed timestamp=2026-05-12T20:59:26+08:00 
[2026-05-12 20:59:26] INFO | component=Lambda traceId=1778590765680614000-25011 level=INFO message=Component started timestamp=2026-05-12T20:59:26+08:00 
[2026-05-12 20:59:26] INFO | traceId=1778590765680614000-25011 level=INFO message=Component started timestamp=2026-05-12T20:59:26+08:00 component=ChatModel 
[2026-05-12 20:59:54] INFO | component=ChatModel traceId=1778590765680614000-25011 level=INFO message=Component completed timestamp=2026-05-12T20:59:54+08:00 
[2026-05-12 20:59:54] DEBUG | component=chain operation=generate_answer message_count=2 message=chain.generate_answer completed duration_ms=28742 success=true level=DEBUG timestamp=2026-05-12T20:59:54+08:00 traceId=1778590765680614000-25011 
[2026-05-12 20:59:54] DEBUG | level=DEBUG message=chain.generate_answer_done recorded timestamp=2026-05-12T20:59:54+08:00 traceId=1778590765680614000-25011 component=chain operation=generate_answer_done answer_length=228 
[2026-05-12 20:59:54] INFO | timestamp=2026-05-12T20:59:54+08:00 component=Lambda traceId=1778590765680614000-25011 level=INFO message=Component completed 
[2026-05-12 20:59:54] INFO | traceId=1778590765680614000-25011 level=INFO message=Component started timestamp=2026-05-12T20:59:54+08:00 component=Lambda 
[2026-05-12 20:59:54] DEBUG | component=chain operation=answer_guard success=true citation_count=2 level=DEBUG message=chain.answer_guard completed timestamp=2026-05-12T20:59:54+08:00 traceId=1778590765680614000-25011 duration_ms=0 
[2026-05-12 20:59:54] INFO | component=Lambda traceId=1778590765680614000-25011 level=INFO message=Component completed timestamp=2026-05-12T20:59:54+08:00 
[2026-05-12 20:59:54] INFO | timestamp=2026-05-12T20:59:54+08:00 component=Lambda traceId=1778590765680614000-25011 level=INFO message=Component started 
[2026-05-12 20:59:54] DEBUG | component=chain operation=format_output_done citation_count=2 level=DEBUG message=chain.format_output_done recorded timestamp=2026-05-12T20:59:54+08:00 traceId=1778590765680614000-25011 
[2026-05-12 20:59:54] DEBUG | level=DEBUG message=chain.format_output completed timestamp=2026-05-12T20:59:54+08:00 traceId=1778590765680614000-25011 component=chain operation=format_output citation_count=2 duration_ms=0 success=true 
[2026-05-12 20:59:54] INFO | component=Lambda traceId=1778590765680614000-25011 level=INFO message=Component completed timestamp=2026-05-12T20:59:54+08:00 
[2026-05-12 20:59:54] INFO | component=Chain traceId=1778590765680614000-25011 level=INFO message=Component completed timestamp=2026-05-12T20:59:54+08:00 
[2026-05-12 20:59:54] INFO | component=ChatModel traceId=1778590794755905000-25011 level=INFO message=Component started timestamp=2026-05-12T20:59:54+08:00 
[2026-05-12 21:00:20] INFO | component=ChatModel traceId=1778590794755905000-25011 level=INFO message=Component completed timestamp=2026-05-12T21:00:20+08:00 
[2026-05-12 21:00:20] INFO | handler=ChatHandler conversation_id=conversation-1778326203512209000 message_id=msg-1778590820752866000 mode=rag level=INFO timestamp=2026-05-12T21:00:20+08:00 latency_ms=55083 message=Chat response completed traceId= 
[2026-05-12 21:11:20] INFO | level=INFO message=Received chat request timestamp=2026-05-12T21:11:20+08:00 handler=ChatHandler conversation_id=conversation-1778326203512209000 user_id=0eb4dc4f-646c-449d-87d7-c5d97f092467 traceId= message_preview=贵州茅台2024年经营活动产生的现金流量净额是多少？ mode= 
[2026-05-12 21:11:20] INFO | component=Chain traceId=1778591480537855000-32989 level=INFO message=Component started timestamp=2026-05-12T21:11:20+08:00 
[2026-05-12 21:11:20] INFO | component=Lambda traceId=1778591480537855000-32989 level=INFO message=Component started timestamp=2026-05-12T21:11:20+08:00 
[2026-05-12 21:11:20] DEBUG | level=DEBUG message=chain.validate_input completed timestamp=2026-05-12T21:11:20+08:00 duration_ms=0 success=true traceId=1778591480537855000-32989 component=chain operation=validate_input question=贵州茅台2024年经营活动产生的现金流量净额是多少？ stock_code=600519 top_k=5 
[2026-05-12 21:11:20] INFO | component=Lambda traceId=1778591480537855000-32989 level=INFO message=Component completed timestamp=2026-05-12T21:11:20+08:00 
[2026-05-12 21:11:20] INFO | component=Lambda traceId=1778591480537855000-32989 level=INFO message=Component started timestamp=2026-05-12T21:11:20+08:00 
[2026-05-12 21:11:21] DEBUG | component=chain top_k=5 level=DEBUG timestamp=2026-05-12T21:11:21+08:00 traceId=1778591480537855000-32989 operation=retrieve_context duration_ms=633 success=true stock_code=600519 message=chain.retrieve_context completed 
[2026-05-12 21:11:21] DEBUG | timestamp=2026-05-12T21:11:21+08:00 traceId=1778591480537855000-32989 component=chain operation=retrieve_context_done retrieved_count=2 level=DEBUG message=chain.retrieve_context_done recorded 
[2026-05-12 21:11:21] INFO | level=INFO message=Component completed timestamp=2026-05-12T21:11:21+08:00 component=Lambda traceId=1778591480537855000-32989 
[2026-05-12 21:11:21] INFO | traceId=1778591480537855000-32989 level=INFO message=Component started timestamp=2026-05-12T21:11:21+08:00 component=Lambda 
[2026-05-12 21:11:21] INFO | component=ChatTemplate traceId=1778591480537855000-32989 level=INFO message=Component started timestamp=2026-05-12T21:11:21+08:00 
[2026-05-12 21:11:21] INFO | message=Component completed timestamp=2026-05-12T21:11:21+08:00 component=ChatTemplate traceId=1778591480537855000-32989 level=INFO 
[2026-05-12 21:11:21] DEBUG | component=chain duration_ms=0 chunk_count=2 level=DEBUG traceId=1778591480537855000-32989 operation=build_prompt success=true message=chain.build_prompt completed timestamp=2026-05-12T21:11:21+08:00 
[2026-05-12 21:11:21] INFO | component=Lambda traceId=1778591480537855000-32989 level=INFO message=Component completed timestamp=2026-05-12T21:11:21+08:00 
[2026-05-12 21:11:21] INFO | timestamp=2026-05-12T21:11:21+08:00 component=Lambda traceId=1778591480537855000-32989 level=INFO message=Component started 
[2026-05-12 21:11:21] INFO | timestamp=2026-05-12T21:11:21+08:00 component=ChatModel traceId=1778591480537855000-32989 level=INFO message=Component started 
[2026-05-12 21:11:43] INFO | traceId=1778591480537855000-32989 level=INFO message=Component completed timestamp=2026-05-12T21:11:43+08:00 component=ChatModel 
[2026-05-12 21:11:43] DEBUG | component=chain duration_ms=22291 success=true level=DEBUG message=chain.generate_answer completed timestamp=2026-05-12T21:11:43+08:00 traceId=1778591480537855000-32989 operation=generate_answer message_count=2 
[2026-05-12 21:11:43] DEBUG | component=chain operation=generate_answer_done answer_length=271 level=DEBUG message=chain.generate_answer_done recorded timestamp=2026-05-12T21:11:43+08:00 traceId=1778591480537855000-32989 
[2026-05-12 21:11:43] INFO | component=Lambda traceId=1778591480537855000-32989 level=INFO message=Component completed timestamp=2026-05-12T21:11:43+08:00 
[2026-05-12 21:11:43] INFO | traceId=1778591480537855000-32989 level=INFO message=Component started timestamp=2026-05-12T21:11:43+08:00 component=Lambda 
[2026-05-12 21:11:43] DEBUG | timestamp=2026-05-12T21:11:43+08:00 component=chain operation=answer_guard duration_ms=0 citation_count=2 traceId=1778591480537855000-32989 success=true level=DEBUG message=chain.answer_guard completed 
[2026-05-12 21:11:43] INFO | message=Component completed timestamp=2026-05-12T21:11:43+08:00 component=Lambda traceId=1778591480537855000-32989 level=INFO 
[2026-05-12 21:11:43] INFO | timestamp=2026-05-12T21:11:43+08:00 component=Lambda traceId=1778591480537855000-32989 level=INFO message=Component started 
[2026-05-12 21:11:43] DEBUG | citation_count=2 level=DEBUG message=chain.format_output_done recorded timestamp=2026-05-12T21:11:43+08:00 traceId=1778591480537855000-32989 component=chain operation=format_output_done 
[2026-05-12 21:11:43] DEBUG | component=chain level=DEBUG message=chain.format_output completed traceId=1778591480537855000-32989 operation=format_output duration_ms=0 success=true citation_count=2 timestamp=2026-05-12T21:11:43+08:00 
[2026-05-12 21:11:43] INFO | timestamp=2026-05-12T21:11:43+08:00 component=Lambda traceId=1778591480537855000-32989 level=INFO message=Component completed 
[2026-05-12 21:11:43] INFO | component=Chain traceId=1778591480537855000-32989 level=INFO message=Component completed timestamp=2026-05-12T21:11:43+08:00 
[2026-05-12 21:11:43] INFO | component=ChatModel traceId=1778591503464873000-32989 level=INFO message=Component started timestamp=2026-05-12T21:11:43+08:00 
[2026-05-12 21:12:09] INFO | message=Component completed timestamp=2026-05-12T21:12:09+08:00 component=ChatModel traceId=1778591503464873000-32989 level=INFO 
[2026-05-12 21:12:09] INFO | message_id=msg-1778591529651121000 latency_ms=49138 level=INFO timestamp=2026-05-12T21:12:09+08:00 traceId= mode=rag message=Chat response completed handler=ChatHandler conversation_id=conversation-1778326203512209000 
[2026-05-12 21:16:01] INFO | mode= level=INFO message=Received chat request traceId= handler=ChatHandler conversation_id=conversation-1778326203512209000 timestamp=2026-05-12T21:16:01+08:00 user_id=0eb4dc4f-646c-449d-87d7-c5d97f092467 message_preview=贵州茅台2024年经营活动产生的现金流量净额是多少？ 
[2026-05-12 21:16:02] INFO | message=Component started timestamp=2026-05-12T21:16:02+08:00 component=Chain traceId=1778591762007101000-36615 level=INFO 
[2026-05-12 21:16:02] INFO | timestamp=2026-05-12T21:16:02+08:00 component=Lambda traceId=1778591762007101000-36615 level=INFO message=Component started 
[2026-05-12 21:16:02] DEBUG | duration_ms=0 question=贵州茅台2024年经营活动产生的现金流量净额是多少？ top_k=5 level=DEBUG message=chain.validate_input completed timestamp=2026-05-12T21:16:02+08:00 component=chain operation=validate_input success=true stock_code=600519 traceId=1778591762007101000-36615 
[2026-05-12 21:16:02] INFO | timestamp=2026-05-12T21:16:02+08:00 component=Lambda traceId=1778591762007101000-36615 level=INFO message=Component completed 
[2026-05-12 21:16:02] INFO | traceId=1778591762007101000-36615 level=INFO message=Component started timestamp=2026-05-12T21:16:02+08:00 component=Lambda 
[2026-05-12 21:16:02] DEBUG | duration_ms=398 success=true level=DEBUG timestamp=2026-05-12T21:16:02+08:00 component=chain operation=retrieve_context top_k=5 stock_code=600519 message=chain.retrieve_context completed traceId=1778591762007101000-36615 
[2026-05-12 21:16:02] DEBUG | message=chain.retrieve_context_done recorded timestamp=2026-05-12T21:16:02+08:00 traceId=1778591762007101000-36615 component=chain operation=retrieve_context_done retrieved_count=2 level=DEBUG 
[2026-05-12 21:16:02] INFO | level=INFO message=Component completed timestamp=2026-05-12T21:16:02+08:00 component=Lambda traceId=1778591762007101000-36615 
[2026-05-12 21:16:02] INFO | timestamp=2026-05-12T21:16:02+08:00 component=Lambda traceId=1778591762007101000-36615 level=INFO message=Component started 
[2026-05-12 21:16:02] INFO | component=ChatTemplate traceId=1778591762007101000-36615 level=INFO message=Component started timestamp=2026-05-12T21:16:02+08:00 
[2026-05-12 21:16:02] INFO | component=ChatTemplate traceId=1778591762007101000-36615 level=INFO message=Component completed timestamp=2026-05-12T21:16:02+08:00 
[2026-05-12 21:16:02] DEBUG | traceId=1778591762007101000-36615 component=chain operation=build_prompt chunk_count=2 level=DEBUG duration_ms=0 success=true message=chain.build_prompt completed timestamp=2026-05-12T21:16:02+08:00 
[2026-05-12 21:16:02] INFO | traceId=1778591762007101000-36615 level=INFO message=Component completed timestamp=2026-05-12T21:16:02+08:00 component=Lambda 
[2026-05-12 21:16:02] INFO | message=Component started timestamp=2026-05-12T21:16:02+08:00 component=Lambda traceId=1778591762007101000-36615 level=INFO 
[2026-05-12 21:16:02] INFO | component=ChatModel traceId=1778591762007101000-36615 level=INFO message=Component started timestamp=2026-05-12T21:16:02+08:00 
[2026-05-12 21:16:25] INFO | component=ChatModel traceId=1778591762007101000-36615 level=INFO message=Component completed timestamp=2026-05-12T21:16:25+08:00 
[2026-05-12 21:16:25] DEBUG | operation=generate_answer duration_ms=23103 success=true message_count=2 message=chain.generate_answer completed component=chain level=DEBUG timestamp=2026-05-12T21:16:25+08:00 traceId=1778591762007101000-36615 
[2026-05-12 21:16:25] DEBUG | component=chain operation=generate_answer_done answer_length=279 level=DEBUG message=chain.generate_answer_done recorded timestamp=2026-05-12T21:16:25+08:00 traceId=1778591762007101000-36615 
[2026-05-12 21:16:25] INFO | traceId=1778591762007101000-36615 level=INFO message=Component completed timestamp=2026-05-12T21:16:25+08:00 component=Lambda 
[2026-05-12 21:16:25] INFO | message=Component started timestamp=2026-05-12T21:16:25+08:00 component=Lambda traceId=1778591762007101000-36615 level=INFO 
[2026-05-12 21:16:25] DEBUG | duration_ms=0 timestamp=2026-05-12T21:16:25+08:00 traceId=1778591762007101000-36615 operation=answer_guard success=true citation_count=2 level=DEBUG message=chain.answer_guard completed component=chain 
[2026-05-12 21:16:25] INFO | timestamp=2026-05-12T21:16:25+08:00 component=Lambda traceId=1778591762007101000-36615 level=INFO message=Component completed 
[2026-05-12 21:16:25] INFO | timestamp=2026-05-12T21:16:25+08:00 component=Lambda traceId=1778591762007101000-36615 level=INFO message=Component started 
[2026-05-12 21:16:25] DEBUG | component=chain operation=format_output_done citation_count=2 level=DEBUG message=chain.format_output_done recorded timestamp=2026-05-12T21:16:25+08:00 traceId=1778591762007101000-36615 
[2026-05-12 21:16:25] DEBUG | traceId=1778591762007101000-36615 operation=format_output duration_ms=0 citation_count=2 level=DEBUG message=chain.format_output completed timestamp=2026-05-12T21:16:25+08:00 component=chain success=true 
[2026-05-12 21:16:25] INFO | component=Lambda traceId=1778591762007101000-36615 level=INFO message=Component completed timestamp=2026-05-12T21:16:25+08:00 
[2026-05-12 21:16:25] INFO | traceId=1778591762007101000-36615 level=INFO message=Component completed timestamp=2026-05-12T21:16:25+08:00 component=Chain 
[2026-05-12 21:16:25] INFO | component=ChatModel traceId=1778591785511520000-36615 level=INFO message=Component started timestamp=2026-05-12T21:16:25+08:00 
[2026-05-12 21:16:51] INFO | level=INFO message=Component completed timestamp=2026-05-12T21:16:51+08:00 component=ChatModel traceId=1778591785511520000-36615 
[2026-05-12 21:16:51] INFO | handler=ChatHandler conversation_id=conversation-1778326203512209000 level=INFO message=Chat response completed timestamp=2026-05-12T21:16:51+08:00 traceId= message_id=msg-1778591811335560000 mode=rag latency_ms=49345 
[2026-05-12 21:23:34] INFO | handler=ChatHandler conversation_id=conversation-1778326203512209000 user_id=0eb4dc4f-646c-449d-87d7-c5d97f092467 message_preview=给我提供投资建议 level=INFO timestamp=2026-05-12T21:23:34+08:00 traceId= mode= message=Received chat request 
[2026-05-12 21:23:34] INFO | component=Chain traceId=1778592214210431000-36615 level=INFO message=Component started timestamp=2026-05-12T21:23:34+08:00 
[2026-05-12 21:23:34] INFO | traceId=1778592214210431000-36615 level=INFO message=Component started timestamp=2026-05-12T21:23:34+08:00 component=Lambda 
[2026-05-12 21:23:34] DEBUG | component=chain duration_ms=0 success=true top_k=5 level=DEBUG timestamp=2026-05-12T21:23:34+08:00 traceId=1778592214210431000-36615 operation=validate_input question=给我提供投资建议 stock_code= message=chain.validate_input completed 
[2026-05-12 21:23:34] INFO | timestamp=2026-05-12T21:23:34+08:00 component=Lambda traceId=1778592214210431000-36615 level=INFO message=Component completed 
[2026-05-12 21:23:34] INFO | component=Lambda traceId=1778592214210431000-36615 level=INFO message=Component started timestamp=2026-05-12T21:23:34+08:00 
[2026-05-12 21:23:34] DEBUG | top_k=5 message=chain.retrieve_context completed timestamp=2026-05-12T21:23:34+08:00 traceId=1778592214210431000-36615 component=chain stock_code= level=DEBUG operation=retrieve_context duration_ms=400 success=true 
[2026-05-12 21:23:34] DEBUG | retrieved_count=5 level=DEBUG message=chain.retrieve_context_done recorded timestamp=2026-05-12T21:23:34+08:00 traceId=1778592214210431000-36615 component=chain operation=retrieve_context_done 
[2026-05-12 21:23:34] INFO | level=INFO message=Component completed timestamp=2026-05-12T21:23:34+08:00 component=Lambda traceId=1778592214210431000-36615 
[2026-05-12 21:23:34] INFO | traceId=1778592214210431000-36615 level=INFO message=Component started timestamp=2026-05-12T21:23:34+08:00 component=Lambda 
[2026-05-12 21:23:34] INFO | component=ChatTemplate traceId=1778592214210431000-36615 level=INFO message=Component started timestamp=2026-05-12T21:23:34+08:00 
[2026-05-12 21:23:34] INFO | component=ChatTemplate traceId=1778592214210431000-36615 level=INFO message=Component completed timestamp=2026-05-12T21:23:34+08:00 
[2026-05-12 21:23:34] DEBUG | timestamp=2026-05-12T21:23:34+08:00 traceId=1778592214210431000-36615 operation=build_prompt success=true message=chain.build_prompt completed component=chain duration_ms=3 chunk_count=5 level=DEBUG 
[2026-05-12 21:23:34] INFO | message=Component completed timestamp=2026-05-12T21:23:34+08:00 component=Lambda traceId=1778592214210431000-36615 level=INFO 
[2026-05-12 21:23:34] INFO | level=INFO message=Component started timestamp=2026-05-12T21:23:34+08:00 component=Lambda traceId=1778592214210431000-36615 
[2026-05-12 21:23:34] INFO | component=ChatModel traceId=1778592214210431000-36615 level=INFO message=Component started timestamp=2026-05-12T21:23:34+08:00 
[2026-05-12 21:23:37] ERROR | component=ChatModel traceId=1778592214210431000-36615 error=failed to create chat completion: Error code: 400 - {"code":"InvalidParameter","message":"Total tokens of image and text exceed max message tokens. Request id: 021778592214902fadef930ee560a642a71bddf4d1e9937e6ff93","param":"","type":"BadRequest","request_id":"2026051221233400005E898D4BBAA1691E"} level=ERROR message=Component error: failed to create chat completion: Error code: 400 - {"code":"InvalidParameter","message":"Total tokens of image and text exceed max message tokens. Request id: 021778592214902fadef930ee560a642a71bddf4d1e9937e6ff93","param":"","type":"BadRequest","request_id":"2026051221233400005E898D4BBAA1691E"} timestamp=2026-05-12T21:23:37+08:00 
[2026-05-12 21:23:37] DEBUG | traceId=1778592214210431000-36615 component=chain operation=generate_answer message_count=2 timestamp=2026-05-12T21:23:37+08:00 duration_ms=3105 success=false level=DEBUG message=chain.generate_answer completed 
[2026-05-12 21:23:37] ERROR | message=Component error: Unknown error: failed to create chat completion: Error code: 400 - {"code":"InvalidParameter","message":"Total tokens of image and text exceed max message tokens. Request id: 021778592214902fadef930ee560a642a71bddf4d1e9937e6ff93","param":"","type":"BadRequest","request_id":"2026051221233400005E898D4BBAA1691E"} timestamp=2026-05-12T21:23:37+08:00 component=Lambda traceId=1778592214210431000-36615 error=Unknown error: failed to create chat completion: Error code: 400 - {"code":"InvalidParameter","message":"Total tokens of image and text exceed max message tokens. Request id: 021778592214902fadef930ee560a642a71bddf4d1e9937e6ff93","param":"","type":"BadRequest","request_id":"2026051221233400005E898D4BBAA1691E"} level=ERROR 
[2026-05-12 21:23:37] ERROR | traceId=1778592214210431000-36615 error=[NodeRunError] Unknown error: failed to create chat completion: Error code: 400 - {"code":"InvalidParameter","message":"Total tokens of image and text exceed max message tokens. Request id: 021778592214902fadef930ee560a642a71bddf4d1e9937e6ff93","param":"","type":"BadRequest","request_id":"2026051221233400005E898D4BBAA1691E"}
------------------------
node path: [node_3] level=ERROR message=Component error: [NodeRunError] Unknown error: failed to create chat completion: Error code: 400 - {"code":"InvalidParameter","message":"Total tokens of image and text exceed max message tokens. Request id: 021778592214902fadef930ee560a642a71bddf4d1e9937e6ff93","param":"","type":"BadRequest","request_id":"2026051221233400005E898D4BBAA1691E"}
------------------------
node path: [node_3] timestamp=2026-05-12T21:23:37+08:00 component=Chain 
[2026-05-12 21:23:37] ERROR | handler=ChatHandler error=执行失败: [NodeRunError] Unknown error: failed to create chat completion: Error code: 400 - {"code":"InvalidParameter","message":"Total tokens of image and text exceed max message tokens. Request id: 021778592214902fadef930ee560a642a71bddf4d1e9937e6ff93","param":"","type":"BadRequest","request_id":"2026051221233400005E898D4BBAA1691E"}
------------------------
node path: [node_3] conversation_id=conversation-1778326203512209000 level=ERROR message=Chat service error timestamp=2026-05-12T21:23:37+08:00 traceId= 
[2026-05-12 21:26:38] INFO | handler=ChatHandler timestamp=2026-05-12T21:26:38+08:00 conversation_id=conversation-1778326203512209000 user_id=0eb4dc4f-646c-449d-87d7-c5d97f092467 message_preview=给我投资建议 mode= level=INFO message=Received chat request traceId= 
[2026-05-12 21:26:38] INFO | level=INFO message=Component started timestamp=2026-05-12T21:26:38+08:00 component=Chain traceId=1778592398066855000-43628 
[2026-05-12 21:26:38] INFO | component=Lambda traceId=1778592398066855000-43628 level=INFO message=Component started timestamp=2026-05-12T21:26:38+08:00 
[2026-05-12 21:26:38] DEBUG | question=给我投资建议 message=chain.validate_input completed component=chain stock_code= top_k=5 level=DEBUG timestamp=2026-05-12T21:26:38+08:00 traceId=1778592398066855000-43628 operation=validate_input duration_ms=0 success=true 
[2026-05-12 21:26:38] INFO | component=Lambda traceId=1778592398066855000-43628 level=INFO message=Component completed timestamp=2026-05-12T21:26:38+08:00 
[2026-05-12 21:26:38] INFO | timestamp=2026-05-12T21:26:38+08:00 component=Lambda traceId=1778592398066855000-43628 level=INFO message=Component started 
[2026-05-12 21:26:38] DEBUG | top_k=5 message=chain.retrieve_context completed timestamp=2026-05-12T21:26:38+08:00 level=DEBUG traceId=1778592398066855000-43628 component=chain operation=retrieve_context duration_ms=311 success=true stock_code= 
[2026-05-12 21:26:38] DEBUG | level=DEBUG message=chain.retrieve_context_done recorded timestamp=2026-05-12T21:26:38+08:00 traceId=1778592398066855000-43628 component=chain operation=retrieve_context_done retrieved_count=5 
[2026-05-12 21:26:38] INFO | component=Lambda traceId=1778592398066855000-43628 level=INFO message=Component completed timestamp=2026-05-12T21:26:38+08:00 
[2026-05-12 21:26:38] INFO | component=Lambda traceId=1778592398066855000-43628 level=INFO message=Component started timestamp=2026-05-12T21:26:38+08:00 
[2026-05-12 21:26:38] INFO | component=ChatTemplate traceId=1778592398066855000-43628 level=INFO message=Component started timestamp=2026-05-12T21:26:38+08:00 
[2026-05-12 21:26:38] INFO | traceId=1778592398066855000-43628 level=INFO message=Component completed timestamp=2026-05-12T21:26:38+08:00 component=ChatTemplate 
[2026-05-12 21:26:38] DEBUG | component=chain operation=build_prompt success=true chunk_count=5 level=DEBUG traceId=1778592398066855000-43628 duration_ms=3 message=chain.build_prompt completed timestamp=2026-05-12T21:26:38+08:00 
[2026-05-12 21:26:38] INFO | message=Component completed timestamp=2026-05-12T21:26:38+08:00 component=Lambda traceId=1778592398066855000-43628 level=INFO 
[2026-05-12 21:26:38] INFO | message=Component started timestamp=2026-05-12T21:26:38+08:00 component=Lambda traceId=1778592398066855000-43628 level=INFO 
[2026-05-12 21:26:38] INFO | component=ChatModel traceId=1778592398066855000-43628 level=INFO message=Component started timestamp=2026-05-12T21:26:38+08:00 
[2026-05-12 21:26:41] ERROR | error=failed to create chat completion: Error code: 400 - {"code":"InvalidParameter","message":"Total tokens of image and text exceed max message tokens. Request id: 0217785923986789a0d83abff91b62c26f47d22f8f16225b3f8c9","param":"","type":"BadRequest","request_id":"2026051221263800008E5EB47C76D64595"} level=ERROR message=Component error: failed to create chat completion: Error code: 400 - {"code":"InvalidParameter","message":"Total tokens of image and text exceed max message tokens. Request id: 0217785923986789a0d83abff91b62c26f47d22f8f16225b3f8c9","param":"","type":"BadRequest","request_id":"2026051221263800008E5EB47C76D64595"} timestamp=2026-05-12T21:26:41+08:00 component=ChatModel traceId=1778592398066855000-43628 
[2026-05-12 21:26:41] DEBUG | component=chain duration_ms=3524 message=chain.generate_answer completed operation=generate_answer success=false message_count=2 level=DEBUG timestamp=2026-05-12T21:26:41+08:00 traceId=1778592398066855000-43628 
[2026-05-12 21:26:41] ERROR | component=Lambda traceId=1778592398066855000-43628 error=Unknown error: failed to create chat completion: Error code: 400 - {"code":"InvalidParameter","message":"Total tokens of image and text exceed max message tokens. Request id: 0217785923986789a0d83abff91b62c26f47d22f8f16225b3f8c9","param":"","type":"BadRequest","request_id":"2026051221263800008E5EB47C76D64595"} level=ERROR message=Component error: Unknown error: failed to create chat completion: Error code: 400 - {"code":"InvalidParameter","message":"Total tokens of image and text exceed max message tokens. Request id: 0217785923986789a0d83abff91b62c26f47d22f8f16225b3f8c9","param":"","type":"BadRequest","request_id":"2026051221263800008E5EB47C76D64595"} timestamp=2026-05-12T21:26:41+08:00 
[2026-05-12 21:26:41] ERROR | error=[NodeRunError] Unknown error: failed to create chat completion: Error code: 400 - {"code":"InvalidParameter","message":"Total tokens of image and text exceed max message tokens. Request id: 0217785923986789a0d83abff91b62c26f47d22f8f16225b3f8c9","param":"","type":"BadRequest","request_id":"2026051221263800008E5EB47C76D64595"}
------------------------
node path: [node_3] level=ERROR message=Component error: [NodeRunError] Unknown error: failed to create chat completion: Error code: 400 - {"code":"InvalidParameter","message":"Total tokens of image and text exceed max message tokens. Request id: 0217785923986789a0d83abff91b62c26f47d22f8f16225b3f8c9","param":"","type":"BadRequest","request_id":"2026051221263800008E5EB47C76D64595"}
------------------------
node path: [node_3] timestamp=2026-05-12T21:26:41+08:00 component=Chain traceId=1778592398066855000-43628 
[2026-05-12 21:26:41] ERROR | conversation_id=conversation-1778326203512209000 level=ERROR message=Chat service error timestamp=2026-05-12T21:26:41+08:00 traceId= handler=ChatHandler error=执行失败: [NodeRunError] Unknown error: failed to create chat completion: Error code: 400 - {"code":"InvalidParameter","message":"Total tokens of image and text exceed max message tokens. Request id: 0217785923986789a0d83abff91b62c26f47d22f8f16225b3f8c9","param":"","type":"BadRequest","request_id":"2026051221263800008E5EB47C76D64595"}
------------------------
node path: [node_3] 
[2026-05-12 21:26:51] INFO | user_id=0eb4dc4f-646c-449d-87d7-c5d97f092467 message_preview=给我投资建议 mode= level=INFO handler=ChatHandler message=Received chat request timestamp=2026-05-12T21:26:51+08:00 traceId= conversation_id=conversation-1778592404884963000 
[2026-05-12 21:26:51] INFO | component=Chain traceId=1778592411727329000-43628 level=INFO message=Component started timestamp=2026-05-12T21:26:51+08:00 
[2026-05-12 21:26:51] INFO | message=Component started timestamp=2026-05-12T21:26:51+08:00 component=Lambda traceId=1778592411727329000-43628 level=INFO 
[2026-05-12 21:26:51] DEBUG | question=给我投资建议 level=DEBUG message=chain.validate_input completed duration_ms=0 success=true stock_code= top_k=5 timestamp=2026-05-12T21:26:51+08:00 traceId=1778592411727329000-43628 component=chain operation=validate_input 
[2026-05-12 21:26:51] INFO | level=INFO message=Component completed timestamp=2026-05-12T21:26:51+08:00 component=Lambda traceId=1778592411727329000-43628 
[2026-05-12 21:26:51] INFO | traceId=1778592411727329000-43628 level=INFO message=Component started timestamp=2026-05-12T21:26:51+08:00 component=Lambda 
[2026-05-12 21:26:52] DEBUG | component=chain top_k=5 stock_code= traceId=1778592411727329000-43628 operation=retrieve_context duration_ms=497 success=true level=DEBUG message=chain.retrieve_context completed timestamp=2026-05-12T21:26:52+08:00 
[2026-05-12 21:26:52] DEBUG | level=DEBUG message=chain.retrieve_context_done recorded timestamp=2026-05-12T21:26:52+08:00 traceId=1778592411727329000-43628 component=chain operation=retrieve_context_done retrieved_count=5 
[2026-05-12 21:26:52] INFO | level=INFO message=Component completed timestamp=2026-05-12T21:26:52+08:00 component=Lambda traceId=1778592411727329000-43628 
[2026-05-12 21:26:52] INFO | traceId=1778592411727329000-43628 level=INFO message=Component started timestamp=2026-05-12T21:26:52+08:00 component=Lambda 
[2026-05-12 21:26:52] INFO | component=ChatTemplate traceId=1778592411727329000-43628 level=INFO message=Component started timestamp=2026-05-12T21:26:52+08:00 
[2026-05-12 21:26:52] INFO | component=ChatTemplate traceId=1778592411727329000-43628 level=INFO message=Component completed timestamp=2026-05-12T21:26:52+08:00 
[2026-05-12 21:26:52] DEBUG | component=chain operation=build_prompt chunk_count=5 level=DEBUG timestamp=2026-05-12T21:26:52+08:00 duration_ms=2 success=true message=chain.build_prompt completed traceId=1778592411727329000-43628 
[2026-05-12 21:26:52] INFO | traceId=1778592411727329000-43628 level=INFO message=Component completed timestamp=2026-05-12T21:26:52+08:00 component=Lambda 
[2026-05-12 21:26:52] INFO | level=INFO message=Component started timestamp=2026-05-12T21:26:52+08:00 component=Lambda traceId=1778592411727329000-43628 
[2026-05-12 21:26:52] INFO | component=ChatModel traceId=1778592411727329000-43628 level=INFO message=Component started timestamp=2026-05-12T21:26:52+08:00 
[2026-05-12 21:26:56] ERROR | level=ERROR message=Component error: failed to create chat completion: Error code: 400 - {"code":"InvalidParameter","message":"Total tokens of image and text exceed max message tokens. Request id: 0217785924125119a0d83abff91b62c26f47d22f8f162259956bc","param":"","type":"BadRequest","request_id":"202605122126520000E0E57AE3E0FE3C72"} timestamp=2026-05-12T21:26:56+08:00 component=ChatModel traceId=1778592411727329000-43628 error=failed to create chat completion: Error code: 400 - {"code":"InvalidParameter","message":"Total tokens of image and text exceed max message tokens. Request id: 0217785924125119a0d83abff91b62c26f47d22f8f162259956bc","param":"","type":"BadRequest","request_id":"202605122126520000E0E57AE3E0FE3C72"} 
[2026-05-12 21:26:56] DEBUG | component=chain success=false message_count=2 level=DEBUG timestamp=2026-05-12T21:26:56+08:00 traceId=1778592411727329000-43628 operation=generate_answer duration_ms=4221 message=chain.generate_answer completed 
[2026-05-12 21:26:56] ERROR | component=Lambda traceId=1778592411727329000-43628 error=Unknown error: failed to create chat completion: Error code: 400 - {"code":"InvalidParameter","message":"Total tokens of image and text exceed max message tokens. Request id: 0217785924125119a0d83abff91b62c26f47d22f8f162259956bc","param":"","type":"BadRequest","request_id":"202605122126520000E0E57AE3E0FE3C72"} level=ERROR message=Component error: Unknown error: failed to create chat completion: Error code: 400 - {"code":"InvalidParameter","message":"Total tokens of image and text exceed max message tokens. Request id: 0217785924125119a0d83abff91b62c26f47d22f8f162259956bc","param":"","type":"BadRequest","request_id":"202605122126520000E0E57AE3E0FE3C72"} timestamp=2026-05-12T21:26:56+08:00 
[2026-05-12 21:26:56] ERROR | level=ERROR message=Component error: [NodeRunError] Unknown error: failed to create chat completion: Error code: 400 - {"code":"InvalidParameter","message":"Total tokens of image and text exceed max message tokens. Request id: 0217785924125119a0d83abff91b62c26f47d22f8f162259956bc","param":"","type":"BadRequest","request_id":"202605122126520000E0E57AE3E0FE3C72"}
------------------------
node path: [node_3] timestamp=2026-05-12T21:26:56+08:00 component=Chain traceId=1778592411727329000-43628 error=[NodeRunError] Unknown error: failed to create chat completion: Error code: 400 - {"code":"InvalidParameter","message":"Total tokens of image and text exceed max message tokens. Request id: 0217785924125119a0d83abff91b62c26f47d22f8f162259956bc","param":"","type":"BadRequest","request_id":"202605122126520000E0E57AE3E0FE3C72"}
------------------------
node path: [node_3] 
[2026-05-12 21:26:56] ERROR | conversation_id=conversation-1778592404884963000 level=ERROR message=Chat service error timestamp=2026-05-12T21:26:56+08:00 traceId= handler=ChatHandler error=执行失败: [NodeRunError] Unknown error: failed to create chat completion: Error code: 400 - {"code":"InvalidParameter","message":"Total tokens of image and text exceed max message tokens. Request id: 0217785924125119a0d83abff91b62c26f47d22f8f162259956bc","param":"","type":"BadRequest","request_id":"202605122126520000E0E57AE3E0FE3C72"}
------------------------
node path: [node_3] 
[2026-05-13 16:05:22] INFO | conversation_id=conversation-1778592404884963000 user_id=0eb4dc4f-646c-449d-87d7-c5d97f092467 mode= level=INFO timestamp=2026-05-13T16:05:22+08:00 traceId= handler=ChatHandler message_preview=对比茅台和比亚迪2025年年中的收益 message=Received chat request 
[2026-05-13 16:05:22] INFO | level=INFO message=Component started timestamp=2026-05-13T16:05:22+08:00 component=Chain traceId=1778659522393540000-9486 
[2026-05-13 16:05:22] INFO | level=INFO message=Component started timestamp=2026-05-13T16:05:22+08:00 component=Lambda traceId=1778659522393540000-9486 
[2026-05-13 16:05:22] DEBUG | level=DEBUG message=chain.validate_input completed timestamp=2026-05-13T16:05:22+08:00 duration_ms=0 question=对比茅台和比亚迪2025年年中的收益 traceId=1778659522393540000-9486 component=chain operation=validate_input success=true stock_code=002594 top_k=10 
[2026-05-13 16:05:22] INFO | component=Lambda traceId=1778659522393540000-9486 level=INFO message=Component completed timestamp=2026-05-13T16:05:22+08:00 
[2026-05-13 16:05:22] INFO | component=Lambda traceId=1778659522393540000-9486 level=INFO message=Component started timestamp=2026-05-13T16:05:22+08:00 
[2026-05-13 16:05:22] DEBUG | component=chain top_k=10 level=DEBUG timestamp=2026-05-13T16:05:22+08:00 operation=retrieve_context duration_ms=583 success=true stock_code=002594 message=chain.retrieve_context completed traceId=1778659522393540000-9486 
[2026-05-13 16:05:22] DEBUG | operation=retrieve_context_done retrieved_count=1 level=DEBUG message=chain.retrieve_context_done recorded timestamp=2026-05-13T16:05:22+08:00 traceId=1778659522393540000-9486 component=chain 
[2026-05-13 16:05:22] INFO | component=Lambda traceId=1778659522393540000-9486 level=INFO message=Component completed timestamp=2026-05-13T16:05:22+08:00 
[2026-05-13 16:05:22] INFO | component=Lambda traceId=1778659522393540000-9486 level=INFO message=Component started timestamp=2026-05-13T16:05:22+08:00 
[2026-05-13 16:05:22] INFO | component=ChatTemplate traceId=1778659522393540000-9486 level=INFO message=Component started timestamp=2026-05-13T16:05:22+08:00 
[2026-05-13 16:05:22] INFO | component=ChatTemplate traceId=1778659522393540000-9486 level=INFO message=Component completed timestamp=2026-05-13T16:05:22+08:00 
[2026-05-13 16:05:22] DEBUG | message=chain.build_prompt completed timestamp=2026-05-13T16:05:22+08:00 operation=build_prompt duration_ms=0 level=DEBUG traceId=1778659522393540000-9486 component=chain success=true chunk_count=1 
[2026-05-13 16:05:22] INFO | timestamp=2026-05-13T16:05:22+08:00 component=Lambda traceId=1778659522393540000-9486 level=INFO message=Component completed 
[2026-05-13 16:05:22] INFO | message=Component started timestamp=2026-05-13T16:05:22+08:00 component=Lambda traceId=1778659522393540000-9486 level=INFO 
[2026-05-13 16:05:22] INFO | component=ChatModel traceId=1778659522393540000-9486 level=INFO message=Component started timestamp=2026-05-13T16:05:22+08:00 
[2026-05-13 16:05:36] INFO | traceId=1778659522393540000-9486 level=INFO message=Component completed timestamp=2026-05-13T16:05:36+08:00 component=ChatModel 
[2026-05-13 16:05:36] DEBUG | message=chain.generate_answer completed timestamp=2026-05-13T16:05:36+08:00 traceId=1778659522393540000-9486 component=chain duration_ms=14001 operation=generate_answer success=true message_count=2 level=DEBUG 
[2026-05-13 16:05:36] DEBUG | component=chain operation=generate_answer_done answer_length=330 level=DEBUG message=chain.generate_answer_done recorded timestamp=2026-05-13T16:05:36+08:00 traceId=1778659522393540000-9486 
[2026-05-13 16:05:36] INFO | component=Lambda traceId=1778659522393540000-9486 level=INFO message=Component completed timestamp=2026-05-13T16:05:36+08:00 
[2026-05-13 16:05:36] INFO | component=Lambda traceId=1778659522393540000-9486 level=INFO message=Component started timestamp=2026-05-13T16:05:36+08:00 
[2026-05-13 16:05:36] DEBUG | success=true citation_count=1 level=DEBUG traceId=1778659522393540000-9486 operation=answer_guard duration_ms=0 message=chain.answer_guard completed timestamp=2026-05-13T16:05:36+08:00 component=chain 
[2026-05-13 16:05:36] INFO | component=Lambda traceId=1778659522393540000-9486 level=INFO message=Component completed timestamp=2026-05-13T16:05:36+08:00 
[2026-05-13 16:05:36] INFO | component=Lambda traceId=1778659522393540000-9486 level=INFO message=Component started timestamp=2026-05-13T16:05:36+08:00 
[2026-05-13 16:05:36] DEBUG | level=DEBUG message=chain.format_output_done recorded timestamp=2026-05-13T16:05:36+08:00 traceId=1778659522393540000-9486 component=chain operation=format_output_done citation_count=1 
[2026-05-13 16:05:36] DEBUG | level=DEBUG message=chain.format_output completed component=chain operation=format_output duration_ms=0 success=true citation_count=1 timestamp=2026-05-13T16:05:36+08:00 traceId=1778659522393540000-9486 
[2026-05-13 16:05:36] INFO | component=Lambda traceId=1778659522393540000-9486 level=INFO message=Component completed timestamp=2026-05-13T16:05:36+08:00 
[2026-05-13 16:05:36] INFO | traceId=1778659522393540000-9486 level=INFO message=Component completed timestamp=2026-05-13T16:05:36+08:00 component=Chain 
[2026-05-13 16:05:36] INFO | conversation_id=conversation-1778592404884963000 message_id=msg-1778659536979699000 level=INFO traceId= mode=agent latency_ms=14611 message=Chat response completed timestamp=2026-05-13T16:05:36+08:00 handler=ChatHandler 
[2026-05-13 16:07:33] INFO | conversation_id=conversation-1778592404884963000 message_preview=对比茅台和比亚迪2025年年中的收益 level=INFO message=Received chat request timestamp=2026-05-13T16:07:33+08:00 user_id=0eb4dc4f-646c-449d-87d7-c5d97f092467 mode= traceId= handler=ChatHandler 
[2026-05-13 16:07:33] INFO | level=INFO message=Component started timestamp=2026-05-13T16:07:33+08:00 component=Chain traceId=1778659653143736000-9486 
[2026-05-13 16:07:33] INFO | timestamp=2026-05-13T16:07:33+08:00 component=Lambda traceId=1778659653143736000-9486 level=INFO message=Component started 
[2026-05-13 16:07:33] DEBUG | level=DEBUG message=chain.validate_input completed timestamp=2026-05-13T16:07:33+08:00 component=chain duration_ms=0 success=true top_k=10 stock_code=002594 traceId=1778659653143736000-9486 operation=validate_input question=对比茅台和比亚迪2025年年中的收益 
[2026-05-13 16:07:33] INFO | traceId=1778659653143736000-9486 level=INFO message=Component completed timestamp=2026-05-13T16:07:33+08:00 component=Lambda 
[2026-05-13 16:07:33] INFO | level=INFO message=Component started timestamp=2026-05-13T16:07:33+08:00 component=Lambda traceId=1778659653143736000-9486 
[2026-05-13 16:07:33] DEBUG | operation=retrieve_context success=true top_k=10 message=chain.retrieve_context completed traceId=1778659653143736000-9486 duration_ms=339 stock_code=002594 level=DEBUG timestamp=2026-05-13T16:07:33+08:00 component=chain 
[2026-05-13 16:07:33] DEBUG | operation=retrieve_context_done retrieved_count=1 level=DEBUG message=chain.retrieve_context_done recorded timestamp=2026-05-13T16:07:33+08:00 traceId=1778659653143736000-9486 component=chain 
[2026-05-13 16:07:33] INFO | level=INFO message=Component completed timestamp=2026-05-13T16:07:33+08:00 component=Lambda traceId=1778659653143736000-9486 
[2026-05-13 16:07:33] INFO | component=Lambda traceId=1778659653143736000-9486 level=INFO message=Component started timestamp=2026-05-13T16:07:33+08:00 
[2026-05-13 16:07:33] INFO | timestamp=2026-05-13T16:07:33+08:00 component=ChatTemplate traceId=1778659653143736000-9486 level=INFO message=Component started 
[2026-05-13 16:07:33] INFO | component=ChatTemplate traceId=1778659653143736000-9486 level=INFO message=Component completed timestamp=2026-05-13T16:07:33+08:00 
[2026-05-13 16:07:33] DEBUG | component=chain operation=build_prompt duration_ms=0 chunk_count=1 message=chain.build_prompt completed timestamp=2026-05-13T16:07:33+08:00 success=true level=DEBUG traceId=1778659653143736000-9486 
[2026-05-13 16:07:33] INFO | message=Component completed timestamp=2026-05-13T16:07:33+08:00 component=Lambda traceId=1778659653143736000-9486 level=INFO 
[2026-05-13 16:07:33] INFO | message=Component started timestamp=2026-05-13T16:07:33+08:00 component=Lambda traceId=1778659653143736000-9486 level=INFO 
[2026-05-13 16:07:33] INFO | level=INFO message=Component started timestamp=2026-05-13T16:07:33+08:00 component=ChatModel traceId=1778659653143736000-9486 
[2026-05-13 16:07:44] INFO | timestamp=2026-05-13T16:07:44+08:00 component=ChatModel traceId=1778659653143736000-9486 level=INFO message=Component completed 
[2026-05-13 16:07:44] DEBUG | message_count=2 level=DEBUG message=chain.generate_answer completed traceId=1778659653143736000-9486 component=chain success=true timestamp=2026-05-13T16:07:44+08:00 operation=generate_answer duration_ms=11094 
[2026-05-13 16:07:44] DEBUG | traceId=1778659653143736000-9486 component=chain operation=generate_answer_done answer_length=297 level=DEBUG message=chain.generate_answer_done recorded timestamp=2026-05-13T16:07:44+08:00 
[2026-05-13 16:07:44] INFO | level=INFO message=Component completed timestamp=2026-05-13T16:07:44+08:00 component=Lambda traceId=1778659653143736000-9486 
[2026-05-13 16:07:44] INFO | traceId=1778659653143736000-9486 level=INFO message=Component started timestamp=2026-05-13T16:07:44+08:00 component=Lambda 
[2026-05-13 16:07:44] DEBUG | timestamp=2026-05-13T16:07:44+08:00 success=true citation_count=1 traceId=1778659653143736000-9486 component=chain operation=answer_guard duration_ms=0 level=DEBUG message=chain.answer_guard completed 
[2026-05-13 16:07:44] INFO | timestamp=2026-05-13T16:07:44+08:00 component=Lambda traceId=1778659653143736000-9486 level=INFO message=Component completed 
[2026-05-13 16:07:44] INFO | component=Lambda traceId=1778659653143736000-9486 level=INFO message=Component started timestamp=2026-05-13T16:07:44+08:00 
[2026-05-13 16:07:44] DEBUG | timestamp=2026-05-13T16:07:44+08:00 traceId=1778659653143736000-9486 component=chain operation=format_output_done citation_count=1 level=DEBUG message=chain.format_output_done recorded 
[2026-05-13 16:07:44] DEBUG | component=chain operation=format_output duration_ms=0 success=true level=DEBUG message=chain.format_output completed timestamp=2026-05-13T16:07:44+08:00 citation_count=1 traceId=1778659653143736000-9486 
[2026-05-13 16:07:44] INFO | traceId=1778659653143736000-9486 level=INFO message=Component completed timestamp=2026-05-13T16:07:44+08:00 component=Lambda 
[2026-05-13 16:07:44] INFO | message=Component completed timestamp=2026-05-13T16:07:44+08:00 component=Chain traceId=1778659653143736000-9486 level=INFO 
[2026-05-13 16:07:44] INFO | latency_ms=11449 level=INFO timestamp=2026-05-13T16:07:44+08:00 handler=ChatHandler mode=agent message=Chat response completed traceId= conversation_id=conversation-1778592404884963000 message_id=msg-1778659664579377000 
[2026-05-17 18:42:22] INFO | traceId= conversation_id= message_preview=分析一下贵州茅台最近的财务表现 mode= level=INFO message=Received chat request timestamp=2026-05-17T18:42:22+08:00 handler=ChatHandler user_id=test_user 
[2026-05-17 18:42:22] INFO | timestamp=2026-05-17T18:42:22+08:00 component=Chain traceId=1779014542351635000-28889 level=INFO message=Component started 
[2026-05-17 18:42:22] INFO | timestamp=2026-05-17T18:42:22+08:00 component=Lambda traceId=1779014542351635000-28889 level=INFO message=Component started 
[2026-05-17 18:42:22] DEBUG | timestamp=2026-05-17T18:42:22+08:00 question=分析一下贵州茅台最近的财务表现 level=DEBUG traceId=1779014542351635000-28889 component=chain operation=validate_input duration_ms=0 success=true stock_code=600519 top_k=5 message=chain.validate_input completed 
[2026-05-17 18:42:22] INFO | timestamp=2026-05-17T18:42:22+08:00 component=Lambda traceId=1779014542351635000-28889 level=INFO message=Component completed 
[2026-05-17 18:42:22] INFO | component=Lambda traceId=1779014542351635000-28889 level=INFO message=Component started timestamp=2026-05-17T18:42:22+08:00 
[2026-05-17 18:42:23] DEBUG | stock_code=600519 message=chain.retrieve_context completed duration_ms=715 success=true top_k=5 level=DEBUG timestamp=2026-05-17T18:42:23+08:00 traceId=1779014542351635000-28889 component=chain operation=retrieve_context 
[2026-05-17 18:42:23] DEBUG | message=chain.retrieve_context_done recorded timestamp=2026-05-17T18:42:23+08:00 traceId=1779014542351635000-28889 component=chain operation=retrieve_context_done retrieved_count=3 level=DEBUG 
[2026-05-17 18:42:23] INFO | component=Lambda traceId=1779014542351635000-28889 level=INFO message=Component completed timestamp=2026-05-17T18:42:23+08:00 
[2026-05-17 18:42:23] INFO | component=Lambda traceId=1779014542351635000-28889 level=INFO message=Component started timestamp=2026-05-17T18:42:23+08:00 
[2026-05-17 18:42:23] INFO | component=ChatTemplate traceId=1779014542351635000-28889 level=INFO message=Component started timestamp=2026-05-17T18:42:23+08:00 
[2026-05-17 18:42:23] INFO | message=Component completed timestamp=2026-05-17T18:42:23+08:00 component=ChatTemplate traceId=1779014542351635000-28889 level=INFO 
[2026-05-17 18:42:23] DEBUG | message=chain.build_prompt completed traceId=1779014542351635000-28889 component=chain operation=build_prompt chunk_count=3 timestamp=2026-05-17T18:42:23+08:00 duration_ms=0 success=true level=DEBUG 
[2026-05-17 18:42:23] INFO | component=Lambda traceId=1779014542351635000-28889 level=INFO message=Component completed timestamp=2026-05-17T18:42:23+08:00 
[2026-05-17 18:42:23] INFO | traceId=1779014542351635000-28889 level=INFO message=Component started timestamp=2026-05-17T18:42:23+08:00 component=Lambda 
[2026-05-17 18:42:23] INFO | component=ChatModel traceId=1779014542351635000-28889 level=INFO message=Component started timestamp=2026-05-17T18:42:23+08:00 
[2026-05-17 18:42:35] INFO | component=ChatModel traceId=1779014542351635000-28889 level=INFO message=Component completed timestamp=2026-05-17T18:42:35+08:00 
[2026-05-17 18:42:35] DEBUG | operation=generate_answer duration_ms=12099 success=true message_count=2 level=DEBUG timestamp=2026-05-17T18:42:35+08:00 traceId=1779014542351635000-28889 component=chain message=chain.generate_answer completed 
[2026-05-17 18:42:35] DEBUG | level=DEBUG message=chain.generate_answer_done recorded timestamp=2026-05-17T18:42:35+08:00 traceId=1779014542351635000-28889 component=chain operation=generate_answer_done answer_length=232 
[2026-05-17 18:42:35] INFO | component=Lambda traceId=1779014542351635000-28889 level=INFO message=Component completed timestamp=2026-05-17T18:42:35+08:00 
[2026-05-17 18:42:35] INFO | component=Lambda traceId=1779014542351635000-28889 level=INFO message=Component started timestamp=2026-05-17T18:42:35+08:00 
[2026-05-17 18:42:35] DEBUG | citation_count=3 level=DEBUG message=chain.answer_guard completed timestamp=2026-05-17T18:42:35+08:00 traceId=1779014542351635000-28889 component=chain operation=answer_guard duration_ms=0 success=true 
[2026-05-17 18:42:35] INFO | component=Lambda traceId=1779014542351635000-28889 level=INFO message=Component completed timestamp=2026-05-17T18:42:35+08:00 
[2026-05-17 18:42:35] INFO | message=Component started timestamp=2026-05-17T18:42:35+08:00 component=Lambda traceId=1779014542351635000-28889 level=INFO 
[2026-05-17 18:42:35] DEBUG | citation_count=3 level=DEBUG message=chain.format_output_done recorded timestamp=2026-05-17T18:42:35+08:00 traceId=1779014542351635000-28889 component=chain operation=format_output_done 
[2026-05-17 18:42:35] DEBUG | message=chain.format_output completed timestamp=2026-05-17T18:42:35+08:00 component=chain duration_ms=0 success=true level=DEBUG traceId=1779014542351635000-28889 operation=format_output citation_count=3 
[2026-05-17 18:42:35] INFO | component=Lambda traceId=1779014542351635000-28889 level=INFO message=Component completed timestamp=2026-05-17T18:42:35+08:00 
[2026-05-17 18:42:35] INFO | component=Chain traceId=1779014542351635000-28889 level=INFO message=Component completed timestamp=2026-05-17T18:42:35+08:00 
[2026-05-17 18:42:35] INFO | timestamp=2026-05-17T18:42:35+08:00 component=ChatModel traceId=1779014555167249000-28889 level=INFO message=Component started 
[2026-05-17 18:43:42] INFO | timestamp=2026-05-17T18:43:42+08:00 component=ChatModel traceId=1779014555167249000-28889 level=INFO message=Component completed 
[2026-05-17 18:43:42] INFO | message_id=msg-1779014622802103000 mode=analysis message=Chat response completed timestamp=2026-05-17T18:43:42+08:00 handler=ChatHandler conversation_id=conversation-1779014542315284000 latency_ms=80492 level=INFO traceId= 
[2026-05-17 18:43:54] INFO | user_id=test_user timestamp=2026-05-17T18:43:54+08:00 traceId= handler=ChatHandler conversation_id= message_preview=贵州茅台最近有什么风险吗？ mode= level=INFO message=Received chat request 
[2026-05-17 18:43:54] INFO | component=Chain traceId=1779014634040640000-28889 level=INFO message=Component started timestamp=2026-05-17T18:43:54+08:00 
[2026-05-17 18:43:54] INFO | level=INFO message=Component started timestamp=2026-05-17T18:43:54+08:00 component=Lambda traceId=1779014634040640000-28889 
[2026-05-17 18:43:54] DEBUG | component=chain operation=validate_input question=贵州茅台最近有什么风险吗？ stock_code=600519 top_k=5 level=DEBUG message=chain.validate_input completed traceId=1779014634040640000-28889 duration_ms=0 success=true timestamp=2026-05-17T18:43:54+08:00 
[2026-05-17 18:43:54] INFO | component=Lambda traceId=1779014634040640000-28889 level=INFO message=Component completed timestamp=2026-05-17T18:43:54+08:00 
[2026-05-17 18:43:54] INFO | component=Lambda traceId=1779014634040640000-28889 level=INFO message=Component started timestamp=2026-05-17T18:43:54+08:00 
[2026-05-17 18:43:54] DEBUG | level=DEBUG message=chain.retrieve_context completed timestamp=2026-05-17T18:43:54+08:00 traceId=1779014634040640000-28889 operation=retrieve_context success=true stock_code=600519 top_k=5 component=chain duration_ms=430 
[2026-05-17 18:43:54] DEBUG | retrieved_count=3 level=DEBUG message=chain.retrieve_context_done recorded timestamp=2026-05-17T18:43:54+08:00 traceId=1779014634040640000-28889 component=chain operation=retrieve_context_done 
[2026-05-17 18:43:54] INFO | component=Lambda traceId=1779014634040640000-28889 level=INFO message=Component completed timestamp=2026-05-17T18:43:54+08:00 
[2026-05-17 18:43:54] INFO | timestamp=2026-05-17T18:43:54+08:00 component=Lambda traceId=1779014634040640000-28889 level=INFO message=Component started 
[2026-05-17 18:43:54] INFO | message=Component started timestamp=2026-05-17T18:43:54+08:00 component=ChatTemplate traceId=1779014634040640000-28889 level=INFO 
[2026-05-17 18:43:54] INFO | component=ChatTemplate traceId=1779014634040640000-28889 level=INFO message=Component completed timestamp=2026-05-17T18:43:54+08:00 
[2026-05-17 18:43:54] DEBUG | duration_ms=1 success=true chunk_count=3 message=chain.build_prompt completed timestamp=2026-05-17T18:43:54+08:00 traceId=1779014634040640000-28889 level=DEBUG component=chain operation=build_prompt 
[2026-05-17 18:43:54] INFO | component=Lambda traceId=1779014634040640000-28889 level=INFO message=Component completed timestamp=2026-05-17T18:43:54+08:00 
[2026-05-17 18:43:54] INFO | level=INFO message=Component started timestamp=2026-05-17T18:43:54+08:00 component=Lambda traceId=1779014634040640000-28889 
[2026-05-17 18:43:54] INFO | timestamp=2026-05-17T18:43:54+08:00 component=ChatModel traceId=1779014634040640000-28889 level=INFO message=Component started 
[2026-05-17 18:43:56] ERROR | timestamp=2026-05-17T18:43:56+08:00 component=ChatModel traceId=1779014634040640000-28889 error=failed to create chat completion: Error code: 400 - {"code":"InvalidParameter","message":"Total tokens of image and text exceed max message tokens. Request id: 021779014634789bec3f42aa889c5b9258a8a5e9d4b8deaa82590","param":"","type":"BadRequest","request_id":"202605171843540000D33EAB30A5B34281"} level=ERROR message=Component error: failed to create chat completion: Error code: 400 - {"code":"InvalidParameter","message":"Total tokens of image and text exceed max message tokens. Request id: 021779014634789bec3f42aa889c5b9258a8a5e9d4b8deaa82590","param":"","type":"BadRequest","request_id":"202605171843540000D33EAB30A5B34281"} 
[2026-05-17 18:43:56] DEBUG | component=chain duration_ms=1886 success=false message_count=2 message=chain.generate_answer completed traceId=1779014634040640000-28889 operation=generate_answer level=DEBUG timestamp=2026-05-17T18:43:56+08:00 
[2026-05-17 18:43:56] ERROR | message=Component error: Unknown error: failed to create chat completion: Error code: 400 - {"code":"InvalidParameter","message":"Total tokens of image and text exceed max message tokens. Request id: 021779014634789bec3f42aa889c5b9258a8a5e9d4b8deaa82590","param":"","type":"BadRequest","request_id":"202605171843540000D33EAB30A5B34281"} timestamp=2026-05-17T18:43:56+08:00 component=Lambda traceId=1779014634040640000-28889 error=Unknown error: failed to create chat completion: Error code: 400 - {"code":"InvalidParameter","message":"Total tokens of image and text exceed max message tokens. Request id: 021779014634789bec3f42aa889c5b9258a8a5e9d4b8deaa82590","param":"","type":"BadRequest","request_id":"202605171843540000D33EAB30A5B34281"} level=ERROR 
[2026-05-17 18:43:56] ERROR | error=[NodeRunError] Unknown error: failed to create chat completion: Error code: 400 - {"code":"InvalidParameter","message":"Total tokens of image and text exceed max message tokens. Request id: 021779014634789bec3f42aa889c5b9258a8a5e9d4b8deaa82590","param":"","type":"BadRequest","request_id":"202605171843540000D33EAB30A5B34281"}
------------------------
node path: [node_3] level=ERROR message=Component error: [NodeRunError] Unknown error: failed to create chat completion: Error code: 400 - {"code":"InvalidParameter","message":"Total tokens of image and text exceed max message tokens. Request id: 021779014634789bec3f42aa889c5b9258a8a5e9d4b8deaa82590","param":"","type":"BadRequest","request_id":"202605171843540000D33EAB30A5B34281"}
------------------------
node path: [node_3] timestamp=2026-05-17T18:43:56+08:00 component=Chain traceId=1779014634040640000-28889 
[2026-05-17 18:43:56] ERROR | handler=ChatHandler error=执行失败: [NodeRunError] Unknown error: failed to create chat completion: Error code: 400 - {"code":"InvalidParameter","message":"Total tokens of image and text exceed max message tokens. Request id: 021779014634789bec3f42aa889c5b9258a8a5e9d4b8deaa82590","param":"","type":"BadRequest","request_id":"202605171843540000D33EAB30A5B34281"}
------------------------
node path: [node_3] conversation_id= level=ERROR message=Chat service error timestamp=2026-05-17T18:43:56+08:00 traceId= 
[2026-05-17 19:18:52] INFO | handler=ChatHandler user_id=0eb4dc4f-646c-449d-87d7-c5d97f092467 timestamp=2026-05-17T19:18:52+08:00 conversation_id=conversation-1778592404884963000 message_preview=lll mode= level=INFO message=Received chat request traceId= 
[2026-05-17 19:18:52] INFO | message=Component started timestamp=2026-05-17T19:18:52+08:00 component=Chain traceId=1779016732672114000-28889 level=INFO 
[2026-05-17 19:18:52] INFO | component=Lambda traceId=1779016732672114000-28889 level=INFO message=Component started timestamp=2026-05-17T19:18:52+08:00 
[2026-05-17 19:18:52] DEBUG | stock_code=lll top_k=5 timestamp=2026-05-17T19:18:52+08:00 traceId=1779016732672114000-28889 operation=validate_input duration_ms=0 success=true question=lll level=DEBUG message=chain.validate_input completed component=chain 
[2026-05-17 19:18:52] INFO | traceId=1779016732672114000-28889 level=INFO message=Component completed timestamp=2026-05-17T19:18:52+08:00 component=Lambda 
[2026-05-17 19:18:52] INFO | timestamp=2026-05-17T19:18:52+08:00 component=Lambda traceId=1779016732672114000-28889 level=INFO message=Component started 
[2026-05-17 19:18:52] DEBUG | operation=retrieve_context stock_code=lll level=DEBUG timestamp=2026-05-17T19:18:52+08:00 component=chain duration_ms=296 success=true top_k=5 message=chain.retrieve_context completed traceId=1779016732672114000-28889 
[2026-05-17 19:18:52] DEBUG | level=DEBUG message=chain.retrieve_context_done recorded timestamp=2026-05-17T19:18:52+08:00 traceId=1779016732672114000-28889 component=chain operation=retrieve_context_done retrieved_count=0 
[2026-05-17 19:18:52] INFO | traceId=1779016732672114000-28889 level=INFO message=Component completed timestamp=2026-05-17T19:18:52+08:00 component=Lambda 
[2026-05-17 19:18:52] INFO | message=Component started timestamp=2026-05-17T19:18:52+08:00 component=Lambda traceId=1779016732672114000-28889 level=INFO 
[2026-05-17 19:18:52] INFO | component=ChatTemplate traceId=1779016732672114000-28889 level=INFO message=Component started timestamp=2026-05-17T19:18:52+08:00 
[2026-05-17 19:18:52] INFO | level=INFO message=Component completed timestamp=2026-05-17T19:18:52+08:00 component=ChatTemplate traceId=1779016732672114000-28889 
[2026-05-17 19:18:52] DEBUG | operation=build_prompt chunk_count=0 message=chain.build_prompt completed component=chain duration_ms=0 success=true level=DEBUG timestamp=2026-05-17T19:18:52+08:00 traceId=1779016732672114000-28889 
[2026-05-17 19:18:52] INFO | traceId=1779016732672114000-28889 level=INFO message=Component completed timestamp=2026-05-17T19:18:52+08:00 component=Lambda 
[2026-05-17 19:18:52] INFO | message=Component started timestamp=2026-05-17T19:18:52+08:00 component=Lambda traceId=1779016732672114000-28889 level=INFO 
[2026-05-17 19:18:52] INFO | message=Component started timestamp=2026-05-17T19:18:52+08:00 component=ChatModel traceId=1779016732672114000-28889 level=INFO 
[2026-05-17 19:18:59] INFO | component=ChatModel traceId=1779016732672114000-28889 level=INFO message=Component completed timestamp=2026-05-17T19:18:59+08:00 
[2026-05-17 19:18:59] DEBUG | duration_ms=6219 timestamp=2026-05-17T19:18:59+08:00 traceId=1779016732672114000-28889 component=chain success=true message_count=2 level=DEBUG message=chain.generate_answer completed operation=generate_answer 
[2026-05-17 19:18:59] DEBUG | operation=generate_answer_done answer_length=180 level=DEBUG message=chain.generate_answer_done recorded timestamp=2026-05-17T19:18:59+08:00 traceId=1779016732672114000-28889 component=chain 
[2026-05-17 19:18:59] INFO | component=Lambda traceId=1779016732672114000-28889 level=INFO message=Component completed timestamp=2026-05-17T19:18:59+08:00 
[2026-05-17 19:18:59] INFO | level=INFO message=Component started timestamp=2026-05-17T19:18:59+08:00 component=Lambda traceId=1779016732672114000-28889 
[2026-05-17 19:18:59] DEBUG | success=true message=chain.answer_guard completed timestamp=2026-05-17T19:18:59+08:00 duration_ms=0 citation_count=0 level=DEBUG traceId=1779016732672114000-28889 component=chain operation=answer_guard 
[2026-05-17 19:18:59] INFO | level=INFO message=Component completed timestamp=2026-05-17T19:18:59+08:00 component=Lambda traceId=1779016732672114000-28889 
[2026-05-17 19:18:59] INFO | component=Lambda traceId=1779016732672114000-28889 level=INFO message=Component started timestamp=2026-05-17T19:18:59+08:00 
[2026-05-17 19:18:59] DEBUG | level=DEBUG message=chain.format_output_done recorded timestamp=2026-05-17T19:18:59+08:00 traceId=1779016732672114000-28889 component=chain operation=format_output_done citation_count=0 
[2026-05-17 19:18:59] DEBUG | operation=format_output duration_ms=0 success=true citation_count=0 timestamp=2026-05-17T19:18:59+08:00 component=chain level=DEBUG message=chain.format_output completed traceId=1779016732672114000-28889 
[2026-05-17 19:18:59] INFO | component=Lambda traceId=1779016732672114000-28889 level=INFO message=Component completed timestamp=2026-05-17T19:18:59+08:00 
[2026-05-17 19:18:59] INFO | message=Component completed timestamp=2026-05-17T19:18:59+08:00 component=Chain traceId=1779016732672114000-28889 level=INFO 
[2026-05-17 19:18:59] INFO | handler=ChatHandler conversation_id=conversation-1778592404884963000 mode=rag level=INFO message=Chat response completed timestamp=2026-05-17T19:18:59+08:00 traceId= message_id=msg-1779016739189604000 latency_ms=6528 
[2026-05-17 19:19:15] INFO | message=Received chat request handler=ChatHandler user_id=0eb4dc4f-646c-449d-87d7-c5d97f092467 mode= timestamp=2026-05-17T19:19:15+08:00 traceId= conversation_id=conversation-1778592404884963000 message_preview=你能帮我做什么？ level=INFO 
[2026-05-17 19:19:15] INFO | component=Chain traceId=1779016755328970000-28889 level=INFO message=Component started timestamp=2026-05-17T19:19:15+08:00 
[2026-05-17 19:19:15] INFO | component=Lambda traceId=1779016755328970000-28889 level=INFO message=Component started timestamp=2026-05-17T19:19:15+08:00 
[2026-05-17 19:19:15] DEBUG | component=chain operation=validate_input success=true question=你能帮我做什么？ stock_code= duration_ms=0 top_k=5 level=DEBUG message=chain.validate_input completed timestamp=2026-05-17T19:19:15+08:00 traceId=1779016755328970000-28889 
[2026-05-17 19:19:15] INFO | component=Lambda traceId=1779016755328970000-28889 level=INFO message=Component completed timestamp=2026-05-17T19:19:15+08:00 
[2026-05-17 19:19:15] INFO | timestamp=2026-05-17T19:19:15+08:00 component=Lambda traceId=1779016755328970000-28889 level=INFO message=Component started 
[2026-05-17 19:19:15] DEBUG | component=chain operation=retrieve_context top_k=5 message=chain.retrieve_context completed timestamp=2026-05-17T19:19:15+08:00 traceId=1779016755328970000-28889 duration_ms=265 success=true stock_code= level=DEBUG 
[2026-05-17 19:19:15] DEBUG | traceId=1779016755328970000-28889 component=chain operation=retrieve_context_done retrieved_count=5 level=DEBUG message=chain.retrieve_context_done recorded timestamp=2026-05-17T19:19:15+08:00 
[2026-05-17 19:19:15] INFO | component=Lambda traceId=1779016755328970000-28889 level=INFO message=Component completed timestamp=2026-05-17T19:19:15+08:00 
[2026-05-17 19:19:15] INFO | traceId=1779016755328970000-28889 level=INFO message=Component started timestamp=2026-05-17T19:19:15+08:00 component=Lambda 
[2026-05-17 19:19:15] INFO | message=Component started timestamp=2026-05-17T19:19:15+08:00 component=ChatTemplate traceId=1779016755328970000-28889 level=INFO 
[2026-05-17 19:19:15] INFO | level=INFO message=Component completed timestamp=2026-05-17T19:19:15+08:00 component=ChatTemplate traceId=1779016755328970000-28889 
[2026-05-17 19:19:15] DEBUG | component=chain operation=build_prompt duration_ms=4 success=true chunk_count=5 traceId=1779016755328970000-28889 level=DEBUG message=chain.build_prompt completed timestamp=2026-05-17T19:19:15+08:00 
[2026-05-17 19:19:15] INFO | timestamp=2026-05-17T19:19:15+08:00 component=Lambda traceId=1779016755328970000-28889 level=INFO message=Component completed 
[2026-05-17 19:19:15] INFO | component=Lambda traceId=1779016755328970000-28889 level=INFO message=Component started timestamp=2026-05-17T19:19:15+08:00 
[2026-05-17 19:19:15] INFO | component=ChatModel traceId=1779016755328970000-28889 level=INFO message=Component started timestamp=2026-05-17T19:19:15+08:00 
[2026-05-17 19:19:19] ERROR | component=ChatModel traceId=1779016755328970000-28889 error=failed to create chat completion: Error code: 400 - {"code":"InvalidParameter","message":"Total tokens of image and text exceed max message tokens. Request id: 021779016755814d619db30bd0c9858e230a26bb16935251d9bb3","param":"","type":"BadRequest","request_id":"2026051719191500002EAD2748A21A9755"} level=ERROR message=Component error: failed to create chat completion: Error code: 400 - {"code":"InvalidParameter","message":"Total tokens of image and text exceed max message tokens. Request id: 021779016755814d619db30bd0c9858e230a26bb16935251d9bb3","param":"","type":"BadRequest","request_id":"2026051719191500002EAD2748A21A9755"} timestamp=2026-05-17T19:19:19+08:00 
[2026-05-17 19:19:19] DEBUG | message_count=2 level=DEBUG message=chain.generate_answer completed timestamp=2026-05-17T19:19:19+08:00 traceId=1779016755328970000-28889 operation=generate_answer duration_ms=3907 component=chain success=false 
[2026-05-17 19:19:19] ERROR | error=Unknown error: failed to create chat completion: Error code: 400 - {"code":"InvalidParameter","message":"Total tokens of image and text exceed max message tokens. Request id: 021779016755814d619db30bd0c9858e230a26bb16935251d9bb3","param":"","type":"BadRequest","request_id":"2026051719191500002EAD2748A21A9755"} level=ERROR message=Component error: Unknown error: failed to create chat completion: Error code: 400 - {"code":"InvalidParameter","message":"Total tokens of image and text exceed max message tokens. Request id: 021779016755814d619db30bd0c9858e230a26bb16935251d9bb3","param":"","type":"BadRequest","request_id":"2026051719191500002EAD2748A21A9755"} timestamp=2026-05-17T19:19:19+08:00 component=Lambda traceId=1779016755328970000-28889 
[2026-05-17 19:19:19] ERROR | component=Chain traceId=1779016755328970000-28889 error=[NodeRunError] Unknown error: failed to create chat completion: Error code: 400 - {"code":"InvalidParameter","message":"Total tokens of image and text exceed max message tokens. Request id: 021779016755814d619db30bd0c9858e230a26bb16935251d9bb3","param":"","type":"BadRequest","request_id":"2026051719191500002EAD2748A21A9755"}
------------------------
node path: [node_3] level=ERROR message=Component error: [NodeRunError] Unknown error: failed to create chat completion: Error code: 400 - {"code":"InvalidParameter","message":"Total tokens of image and text exceed max message tokens. Request id: 021779016755814d619db30bd0c9858e230a26bb16935251d9bb3","param":"","type":"BadRequest","request_id":"2026051719191500002EAD2748A21A9755"}
------------------------
node path: [node_3] timestamp=2026-05-17T19:19:19+08:00 
[2026-05-17 19:19:19] ERROR | traceId= handler=ChatHandler error=执行失败: [NodeRunError] Unknown error: failed to create chat completion: Error code: 400 - {"code":"InvalidParameter","message":"Total tokens of image and text exceed max message tokens. Request id: 021779016755814d619db30bd0c9858e230a26bb16935251d9bb3","param":"","type":"BadRequest","request_id":"2026051719191500002EAD2748A21A9755"}
------------------------
node path: [node_3] conversation_id=conversation-1778592404884963000 level=ERROR message=Chat service error timestamp=2026-05-17T19:19:19+08:00 
[2026-05-17 19:23:41] INFO | conversation_id=conversation-1778592404884963000 user_id=0eb4dc4f-646c-449d-87d7-c5d97f092467 handler=ChatHandler message_preview=你能帮我做什么？ mode= level=INFO message=Received chat request timestamp=2026-05-17T19:23:41+08:00 traceId= 
[2026-05-17 19:23:41] INFO | message=Component started timestamp=2026-05-17T19:23:41+08:00 component=Chain traceId=1779017021691858000-43740 level=INFO 
[2026-05-17 19:23:41] INFO | component=Lambda traceId=1779017021691858000-43740 level=INFO message=Component started timestamp=2026-05-17T19:23:41+08:00 
[2026-05-17 19:23:41] DEBUG | component=chain operation=validate_input duration_ms=0 success=true top_k=5 timestamp=2026-05-17T19:23:41+08:00 traceId=1779017021691858000-43740 question=你能帮我做什么？ stock_code= level=DEBUG message=chain.validate_input completed 
[2026-05-17 19:23:41] INFO | timestamp=2026-05-17T19:23:41+08:00 component=Lambda traceId=1779017021691858000-43740 level=INFO message=Component completed 
[2026-05-17 19:23:41] INFO | component=Lambda traceId=1779017021691858000-43740 level=INFO message=Component started timestamp=2026-05-17T19:23:41+08:00 
[2026-05-17 19:23:42] DEBUG | component=chain operation=retrieve_context success=true top_k=5 level=DEBUG timestamp=2026-05-17T19:23:42+08:00 traceId=1779017021691858000-43740 duration_ms=383 stock_code= message=chain.retrieve_context completed 
[2026-05-17 19:23:42] DEBUG | retrieved_count=5 level=DEBUG message=chain.retrieve_context_done recorded timestamp=2026-05-17T19:23:42+08:00 traceId=1779017021691858000-43740 component=chain operation=retrieve_context_done 
[2026-05-17 19:23:42] INFO | level=INFO message=Component completed timestamp=2026-05-17T19:23:42+08:00 component=Lambda traceId=1779017021691858000-43740 
[2026-05-17 19:23:42] INFO | component=Lambda traceId=1779017021691858000-43740 level=INFO message=Component started timestamp=2026-05-17T19:23:42+08:00 
[2026-05-17 19:23:42] INFO | traceId=1779017021691858000-43740 level=INFO message=Component started timestamp=2026-05-17T19:23:42+08:00 component=ChatTemplate 
[2026-05-17 19:23:42] INFO | component=ChatTemplate traceId=1779017021691858000-43740 level=INFO message=Component completed timestamp=2026-05-17T19:23:42+08:00 
[2026-05-17 19:23:42] DEBUG | message=chain.build_prompt completed operation=build_prompt duration_ms=2 chunk_count=5 level=DEBUG timestamp=2026-05-17T19:23:42+08:00 traceId=1779017021691858000-43740 component=chain success=true 
[2026-05-17 19:23:42] INFO | component=Lambda traceId=1779017021691858000-43740 level=INFO message=Component completed timestamp=2026-05-17T19:23:42+08:00 
[2026-05-17 19:23:42] INFO | component=Lambda traceId=1779017021691858000-43740 level=INFO message=Component started timestamp=2026-05-17T19:23:42+08:00 
[2026-05-17 19:23:42] INFO | level=INFO message=Component started timestamp=2026-05-17T19:23:42+08:00 component=ChatModel traceId=1779017021691858000-43740 
[2026-05-17 19:23:45] ERROR | timestamp=2026-05-17T19:23:45+08:00 component=ChatModel traceId=1779017021691858000-43740 error=failed to create chat completion: Error code: 400 - {"code":"InvalidParameter","message":"Total tokens of image and text exceed max message tokens. Request id: 021779017022293b060a07fba38d5479db0751ac158bec534491a","param":"","type":"BadRequest","request_id":"202605171923420000EB981213DCC916C3"} level=ERROR message=Component error: failed to create chat completion: Error code: 400 - {"code":"InvalidParameter","message":"Total tokens of image and text exceed max message tokens. Request id: 021779017022293b060a07fba38d5479db0751ac158bec534491a","param":"","type":"BadRequest","request_id":"202605171923420000EB981213DCC916C3"} 
[2026-05-17 19:23:45] DEBUG | operation=generate_answer duration_ms=3476 message_count=2 level=DEBUG message=chain.generate_answer completed timestamp=2026-05-17T19:23:45+08:00 component=chain success=false traceId=1779017021691858000-43740 
[2026-05-17 19:23:45] ERROR | component=Lambda traceId=1779017021691858000-43740 error=Unknown error: failed to create chat completion: Error code: 400 - {"code":"InvalidParameter","message":"Total tokens of image and text exceed max message tokens. Request id: 021779017022293b060a07fba38d5479db0751ac158bec534491a","param":"","type":"BadRequest","request_id":"202605171923420000EB981213DCC916C3"} level=ERROR message=Component error: Unknown error: failed to create chat completion: Error code: 400 - {"code":"InvalidParameter","message":"Total tokens of image and text exceed max message tokens. Request id: 021779017022293b060a07fba38d5479db0751ac158bec534491a","param":"","type":"BadRequest","request_id":"202605171923420000EB981213DCC916C3"} timestamp=2026-05-17T19:23:45+08:00 
[2026-05-17 19:23:45] ERROR | component=Chain traceId=1779017021691858000-43740 error=[NodeRunError] Unknown error: failed to create chat completion: Error code: 400 - {"code":"InvalidParameter","message":"Total tokens of image and text exceed max message tokens. Request id: 021779017022293b060a07fba38d5479db0751ac158bec534491a","param":"","type":"BadRequest","request_id":"202605171923420000EB981213DCC916C3"}
------------------------
node path: [node_3] level=ERROR message=Component error: [NodeRunError] Unknown error: failed to create chat completion: Error code: 400 - {"code":"InvalidParameter","message":"Total tokens of image and text exceed max message tokens. Request id: 021779017022293b060a07fba38d5479db0751ac158bec534491a","param":"","type":"BadRequest","request_id":"202605171923420000EB981213DCC916C3"}
------------------------
node path: [node_3] timestamp=2026-05-17T19:23:45+08:00 
[2026-05-17 19:23:45] ERROR | traceId= handler=ChatHandler error=执行失败: [NodeRunError] Unknown error: failed to create chat completion: Error code: 400 - {"code":"InvalidParameter","message":"Total tokens of image and text exceed max message tokens. Request id: 021779017022293b060a07fba38d5479db0751ac158bec534491a","param":"","type":"BadRequest","request_id":"202605171923420000EB981213DCC916C3"}
------------------------
node path: [node_3] conversation_id=conversation-1778592404884963000 level=ERROR message=Chat service error timestamp=2026-05-17T19:23:45+08:00 
[2026-05-17 23:10:03] INFO | timestamp=2026-05-17T23:10:03+08:00 traceId= mode= level=INFO message=Received chat request handler=ChatHandler conversation_id=conversation-1778592404884963000 user_id=0eb4dc4f-646c-449d-87d7-c5d97f092467 message_preview=你能帮我做什么呢？ 
[2026-05-17 23:10:03] INFO | component=Chain traceId=1779030603278555000-56367 level=INFO message=Component started timestamp=2026-05-17T23:10:03+08:00 
[2026-05-17 23:10:03] INFO | component=Lambda traceId=1779030603278555000-56367 level=INFO message=Component started timestamp=2026-05-17T23:10:03+08:00 
[2026-05-17 23:10:03] DEBUG | component=chain operation=validate_input duration_ms=0 success=true question=你能帮我做什么呢？ stock_code= timestamp=2026-05-17T23:10:03+08:00 top_k=5 level=DEBUG message=chain.validate_input completed traceId=1779030603278555000-56367 
[2026-05-17 23:10:03] INFO | component=Lambda traceId=1779030603278555000-56367 level=INFO message=Component completed timestamp=2026-05-17T23:10:03+08:00 
[2026-05-17 23:10:03] INFO | component=Lambda traceId=1779030603278555000-56367 level=INFO message=Component started timestamp=2026-05-17T23:10:03+08:00 
[2026-05-17 23:10:03] DEBUG | traceId=1779030603278555000-56367 operation=retrieve_context duration_ms=380 success=true stock_code= top_k=5 level=DEBUG component=chain message=chain.retrieve_context completed timestamp=2026-05-17T23:10:03+08:00 
[2026-05-17 23:10:03] DEBUG | timestamp=2026-05-17T23:10:03+08:00 traceId=1779030603278555000-56367 component=chain operation=retrieve_context_done retrieved_count=5 level=DEBUG message=chain.retrieve_context_done recorded 
[2026-05-17 23:10:03] INFO | component=Lambda traceId=1779030603278555000-56367 level=INFO message=Component completed timestamp=2026-05-17T23:10:03+08:00 
[2026-05-17 23:10:03] INFO | timestamp=2026-05-17T23:10:03+08:00 component=Lambda traceId=1779030603278555000-56367 level=INFO message=Component started 
[2026-05-17 23:10:03] INFO | traceId=1779030603278555000-56367 level=INFO message=Component started timestamp=2026-05-17T23:10:03+08:00 component=ChatTemplate 
[2026-05-17 23:10:03] INFO | component=ChatTemplate traceId=1779030603278555000-56367 level=INFO message=Component completed timestamp=2026-05-17T23:10:03+08:00 
[2026-05-17 23:10:03] DEBUG | success=true chunk_count=5 level=DEBUG component=chain operation=build_prompt duration_ms=3 message=chain.build_prompt completed timestamp=2026-05-17T23:10:03+08:00 traceId=1779030603278555000-56367 
[2026-05-17 23:10:03] INFO | timestamp=2026-05-17T23:10:03+08:00 component=Lambda traceId=1779030603278555000-56367 level=INFO message=Component completed 
[2026-05-17 23:10:03] INFO | message=Component started timestamp=2026-05-17T23:10:03+08:00 component=Lambda traceId=1779030603278555000-56367 level=INFO 
[2026-05-17 23:10:03] INFO | timestamp=2026-05-17T23:10:03+08:00 component=ChatModel traceId=1779030603278555000-56367 level=INFO message=Component started 
[2026-05-17 23:10:07] ERROR | component=ChatModel traceId=1779030603278555000-56367 error=failed to create chat completion: Error code: 400 - {"code":"InvalidParameter","message":"Total tokens of image and text exceed max message tokens. Request id: 021779030603845f504b82143f6241d8073830594408a04d02ac0","param":"","type":"BadRequest","request_id":"202605172310030000715CC172E51BAE7C"} level=ERROR message=Component error: failed to create chat completion: Error code: 400 - {"code":"InvalidParameter","message":"Total tokens of image and text exceed max message tokens. Request id: 021779030603845f504b82143f6241d8073830594408a04d02ac0","param":"","type":"BadRequest","request_id":"202605172310030000715CC172E51BAE7C"} timestamp=2026-05-17T23:10:07+08:00 
[2026-05-17 23:10:07] DEBUG | success=false message_count=2 level=DEBUG component=chain operation=generate_answer duration_ms=3676 message=chain.generate_answer completed timestamp=2026-05-17T23:10:07+08:00 traceId=1779030603278555000-56367 
[2026-05-17 23:10:07] ERROR | component=Lambda traceId=1779030603278555000-56367 error=Unknown error: failed to create chat completion: Error code: 400 - {"code":"InvalidParameter","message":"Total tokens of image and text exceed max message tokens. Request id: 021779030603845f504b82143f6241d8073830594408a04d02ac0","param":"","type":"BadRequest","request_id":"202605172310030000715CC172E51BAE7C"} level=ERROR message=Component error: Unknown error: failed to create chat completion: Error code: 400 - {"code":"InvalidParameter","message":"Total tokens of image and text exceed max message tokens. Request id: 021779030603845f504b82143f6241d8073830594408a04d02ac0","param":"","type":"BadRequest","request_id":"202605172310030000715CC172E51BAE7C"} timestamp=2026-05-17T23:10:07+08:00 
[2026-05-17 23:10:07] ERROR | component=Chain traceId=1779030603278555000-56367 error=[NodeRunError] Unknown error: failed to create chat completion: Error code: 400 - {"code":"InvalidParameter","message":"Total tokens of image and text exceed max message tokens. Request id: 021779030603845f504b82143f6241d8073830594408a04d02ac0","param":"","type":"BadRequest","request_id":"202605172310030000715CC172E51BAE7C"}
------------------------
node path: [node_3] level=ERROR message=Component error: [NodeRunError] Unknown error: failed to create chat completion: Error code: 400 - {"code":"InvalidParameter","message":"Total tokens of image and text exceed max message tokens. Request id: 021779030603845f504b82143f6241d8073830594408a04d02ac0","param":"","type":"BadRequest","request_id":"202605172310030000715CC172E51BAE7C"}
------------------------
node path: [node_3] timestamp=2026-05-17T23:10:07+08:00 
[2026-05-17 23:10:07] ERROR | conversation_id=conversation-1778592404884963000 level=ERROR message=Chat service error timestamp=2026-05-17T23:10:07+08:00 traceId= handler=ChatHandler error=执行失败: [NodeRunError] Unknown error: failed to create chat completion: Error code: 400 - {"code":"InvalidParameter","message":"Total tokens of image and text exceed max message tokens. Request id: 021779030603845f504b82143f6241d8073830594408a04d02ac0","param":"","type":"BadRequest","request_id":"202605172310030000715CC172E51BAE7C"}
------------------------
node path: [node_3] 
[2026-05-18 11:44:00] INFO | handler=ChatHandler level=INFO message=Received chat request traceId= conversation_id=conversation-1778592404884963000 user_id=0eb4dc4f-646c-449d-87d7-c5d97f092467 message_preview=你能帮我做什么呢？ mode= timestamp=2026-05-18T11:44:00+08:00 
[2026-05-18 11:44:00] INFO | timestamp=2026-05-18T11:44:00+08:00 component=Chain traceId=1779075840559764000-80523 level=INFO message=Component started 
[2026-05-18 11:44:00] INFO | timestamp=2026-05-18T11:44:00+08:00 component=Lambda traceId=1779075840559764000-80523 level=INFO message=Component started 
[2026-05-18 11:44:00] DEBUG | level=DEBUG message=chain.validate_input completed timestamp=2026-05-18T11:44:00+08:00 success=true question=你能帮我做什么呢？ traceId=1779075840559764000-80523 component=chain operation=validate_input duration_ms=0 stock_code= top_k=5 
[2026-05-18 11:44:00] INFO | component=Lambda traceId=1779075840559764000-80523 level=INFO message=Component completed timestamp=2026-05-18T11:44:00+08:00 
[2026-05-18 11:44:00] INFO | level=INFO message=Component started timestamp=2026-05-18T11:44:00+08:00 component=Lambda traceId=1779075840559764000-80523 
[2026-05-18 11:44:00] DEBUG | traceId=1779075840559764000-80523 component=chain success=true stock_code= top_k=5 operation=retrieve_context duration_ms=289 level=DEBUG message=chain.retrieve_context completed timestamp=2026-05-18T11:44:00+08:00 
[2026-05-18 11:44:00] DEBUG | component=chain operation=retrieve_context_done retrieved_count=5 level=DEBUG message=chain.retrieve_context_done recorded timestamp=2026-05-18T11:44:00+08:00 traceId=1779075840559764000-80523 
[2026-05-18 11:44:00] INFO | timestamp=2026-05-18T11:44:00+08:00 component=Lambda traceId=1779075840559764000-80523 level=INFO message=Component completed 
[2026-05-18 11:44:00] INFO | component=Lambda traceId=1779075840559764000-80523 level=INFO message=Component started timestamp=2026-05-18T11:44:00+08:00 
[2026-05-18 11:44:00] INFO | component=ChatTemplate traceId=1779075840559764000-80523 level=INFO message=Component started timestamp=2026-05-18T11:44:00+08:00 
[2026-05-18 11:44:00] INFO | level=INFO message=Component completed timestamp=2026-05-18T11:44:00+08:00 component=ChatTemplate traceId=1779075840559764000-80523 
[2026-05-18 11:44:00] DEBUG | traceId=1779075840559764000-80523 component=chain duration_ms=2 success=true operation=build_prompt chunk_count=5 level=DEBUG message=chain.build_prompt completed timestamp=2026-05-18T11:44:00+08:00 
[2026-05-18 11:44:00] INFO | message=Component completed timestamp=2026-05-18T11:44:00+08:00 component=Lambda traceId=1779075840559764000-80523 level=INFO 
[2026-05-18 11:44:00] INFO | component=Lambda traceId=1779075840559764000-80523 level=INFO message=Component started timestamp=2026-05-18T11:44:00+08:00 
[2026-05-18 11:44:00] INFO | timestamp=2026-05-18T11:44:00+08:00 component=ChatModel traceId=1779075840559764000-80523 level=INFO message=Component started 
[2026-05-18 11:44:04] ERROR | timestamp=2026-05-18T11:44:04+08:00 component=ChatModel traceId=1779075840559764000-80523 error=failed to create chat completion: Error code: 400 - {"code":"InvalidParameter","message":"Total tokens of image and text exceed max message tokens. Request id: 021779075841076d323cdad39964ab14a5fcc08ad1c3650f605c5","param":"","type":"BadRequest","request_id":"2026051811440000009ACA4EE68B376E32"} level=ERROR message=Component error: failed to create chat completion: Error code: 400 - {"code":"InvalidParameter","message":"Total tokens of image and text exceed max message tokens. Request id: 021779075841076d323cdad39964ab14a5fcc08ad1c3650f605c5","param":"","type":"BadRequest","request_id":"2026051811440000009ACA4EE68B376E32"} 
[2026-05-18 11:44:04] DEBUG | duration_ms=3160 success=false message_count=2 message=chain.generate_answer completed timestamp=2026-05-18T11:44:04+08:00 operation=generate_answer level=DEBUG traceId=1779075840559764000-80523 component=chain 
[2026-05-18 11:44:04] ERROR | traceId=1779075840559764000-80523 error=Unknown error: failed to create chat completion: Error code: 400 - {"code":"InvalidParameter","message":"Total tokens of image and text exceed max message tokens. Request id: 021779075841076d323cdad39964ab14a5fcc08ad1c3650f605c5","param":"","type":"BadRequest","request_id":"2026051811440000009ACA4EE68B376E32"} level=ERROR message=Component error: Unknown error: failed to create chat completion: Error code: 400 - {"code":"InvalidParameter","message":"Total tokens of image and text exceed max message tokens. Request id: 021779075841076d323cdad39964ab14a5fcc08ad1c3650f605c5","param":"","type":"BadRequest","request_id":"2026051811440000009ACA4EE68B376E32"} timestamp=2026-05-18T11:44:04+08:00 component=Lambda 
[2026-05-18 11:44:04] ERROR | error=[NodeRunError] Unknown error: failed to create chat completion: Error code: 400 - {"code":"InvalidParameter","message":"Total tokens of image and text exceed max message tokens. Request id: 021779075841076d323cdad39964ab14a5fcc08ad1c3650f605c5","param":"","type":"BadRequest","request_id":"2026051811440000009ACA4EE68B376E32"}
------------------------
node path: [node_3] level=ERROR message=Component error: [NodeRunError] Unknown error: failed to create chat completion: Error code: 400 - {"code":"InvalidParameter","message":"Total tokens of image and text exceed max message tokens. Request id: 021779075841076d323cdad39964ab14a5fcc08ad1c3650f605c5","param":"","type":"BadRequest","request_id":"2026051811440000009ACA4EE68B376E32"}
------------------------
node path: [node_3] timestamp=2026-05-18T11:44:04+08:00 component=Chain traceId=1779075840559764000-80523 
[2026-05-18 11:44:04] ERROR | message=Chat service error timestamp=2026-05-18T11:44:04+08:00 traceId= handler=ChatHandler error=执行失败: [NodeRunError] Unknown error: failed to create chat completion: Error code: 400 - {"code":"InvalidParameter","message":"Total tokens of image and text exceed max message tokens. Request id: 021779075841076d323cdad39964ab14a5fcc08ad1c3650f605c5","param":"","type":"BadRequest","request_id":"2026051811440000009ACA4EE68B376E32"}
------------------------
node path: [node_3] conversation_id=conversation-1778592404884963000 level=ERROR 
{"timestamp":"2026-05-25T09:40:00Z","level":"INFO","service":"stock_rag","trace_id":"308b251405de049e6bdba760ee9ffec5","span_id":"28edb833116af88f","message":"test correlation"}
{"timestamp":"2026-05-25T10:06:21Z","level":"INFO","service":"stock_rag","message":"structured logging ready","metadata":{"log_file":"logs/app.log"}}
{"timestamp":"2026-05-25T10:06:37Z","level":"INFO","service":"stock_rag","trace_id":"f792e806ef5c37837437207f62ff38f1","span_id":"4ceb0ea5300072ef","message":"http_request","latency_ms":2,"metadata":{"method":"POST","path":"/api/chat","status":401}}
{"timestamp":"2026-05-25T10:06:37Z","level":"INFO","service":"stock_rag","trace_id":"bc8a1d604510674ed15960f73db3312d","span_id":"32d61ff26a6ec50e","message":"http_request","latency_ms":2,"metadata":{"method":"GET","path":"/api/conversations","status":401}}
{"timestamp":"2026-05-25T10:06:40Z","level":"INFO","service":"stock_rag","trace_id":"bc4f7a3e0658a8c98f5f4b50bb851da8","span_id":"ce00d84b5bc0a5d6","message":"http_request","metadata":{"method":"GET","path":"/","status":304}}
{"timestamp":"2026-05-25T10:06:40Z","level":"INFO","service":"stock_rag","trace_id":"d37fa850a4f4ab4319b654ad46c920dc","span_id":"76670fd36d227c9e","message":"http_request","latency_ms":2,"metadata":{"method":"GET","path":"/.well-known/appspecific/com.chrome.devtools.json","status":404}}
{"timestamp":"2026-05-25T10:06:40Z","level":"INFO","service":"stock_rag","trace_id":"4c2f16925362011ea9414c42ece47440","span_id":"8001446a7e6ea258","message":"http_request","metadata":{"method":"GET","path":"/api/conversations","status":401}}
{"timestamp":"2026-05-25T10:06:43Z","level":"INFO","service":"stock_rag","trace_id":"12c534a6e1e8468534cabba73dd310a6","span_id":"ca4698eed2081585","message":"http_request","latency_ms":1,"metadata":{"method":"POST","path":"/api/auth/logout","status":200}}
{"timestamp":"2026-05-25T10:06:43Z","level":"INFO","service":"stock_rag","trace_id":"b4761df67162bbf4d7bd800187d2af7b","span_id":"ec7fa58e6ecb1056","message":"http_request","metadata":{"method":"GET","path":"/.well-known/appspecific/com.chrome.devtools.json","status":404}}
{"timestamp":"2026-05-25T10:06:43Z","level":"INFO","service":"stock_rag","trace_id":"4e9284c0cbcb699c55fc4f94c6b884ee","span_id":"cc2c6d68d053174b","message":"http_request","metadata":{"method":"GET","path":"/api/conversations","status":401}}
{"timestamp":"2026-05-25T10:06:44Z","level":"INFO","service":"stock_rag","trace_id":"3885d5a646cb48017058b06d17fcd5c3","span_id":"e1dbdd1012ae54d2","message":"http_request","metadata":{"method":"GET","path":"/.well-known/appspecific/com.chrome.devtools.json","status":404}}
{"timestamp":"2026-05-25T10:06:51Z","level":"INFO","service":"stock_rag","trace_id":"3e135765d7eb59d9cb2b7e7dc402f61f","span_id":"6df1525cbaa3fc88","message":"http_request","latency_ms":79,"metadata":{"method":"POST","path":"/api/auth/login","status":200}}
{"timestamp":"2026-05-25T10:06:51Z","level":"INFO","service":"stock_rag","trace_id":"6dba8c4e45eac49bb4aaf191870cfaab","span_id":"4663f38f3cdc9f13","message":"http_request","latency_ms":1,"metadata":{"method":"GET","path":"/.well-known/appspecific/com.chrome.devtools.json","status":404}}
{"timestamp":"2026-05-25T10:06:51Z","level":"INFO","service":"stock_rag","trace_id":"cdeac80cb498192cc3e83a74535b319e","span_id":"302608b964f7858f","message":"http_request","latency_ms":4,"metadata":{"method":"GET","path":"/api/conversations","status":200}}
{"timestamp":"2026-05-25T10:06:51Z","level":"INFO","service":"stock_rag","trace_id":"62871ab7dbda15276497bdf4e3f9cbd4","span_id":"50135c2ec8773f7f","message":"http_request","latency_ms":5,"metadata":{"method":"GET","path":"/api/conversations/messages","status":200}}
{"timestamp":"2026-05-25T10:06:59Z","level":"INFO","service":"stock_rag","trace_id":"afec8d13b1d0ac74a9805e7ec5495fee","span_id":"7dc7a1c6fd2cbf96","message":"Received chat request","metadata":{"conversation_id":"conversation-1779259052023494000","handler":"ChatHandler","message_preview":"哈哈哈","mode":"","user_id":"71f3afff-d31c-4415-b90c-1e4d2618efca"}}
{"timestamp":"2026-05-25T10:06:59Z","level":"INFO","service":"stock_rag","trace_id":"afec8d13b1d0ac74a9805e7ec5495fee","span_id":"98b2113c136c8065","message":"Starting chat request","metadata":{"conversation_id":"conversation-1779259052023494000","message_preview":"哈哈哈","user_id":"71f3afff-d31c-4415-b90c-1e4d2618efca"}}
{"timestamp":"2026-05-25T10:06:59Z","level":"INFO","service":"stock_rag","trace_id":"afec8d13b1d0ac74a9805e7ec5495fee","span_id":"98b2113c136c8065","message":"Fetching recent messages and conversation context"}
{"timestamp":"2026-05-25T10:06:59Z","level":"INFO","service":"stock_rag","trace_id":"afec8d13b1d0ac74a9805e7ec5495fee","span_id":"98b2113c136c8065","message":"Found recent messages","metadata":{"count":5}}
{"timestamp":"2026-05-25T10:06:59Z","level":"INFO","service":"stock_rag","trace_id":"afec8d13b1d0ac74a9805e7ec5495fee","span_id":"98b2113c136c8065","message":"Last route mode","metadata":{"mode":"chat"}}
{"timestamp":"2026-05-25T10:06:59Z","level":"INFO","service":"stock_rag","trace_id":"afec8d13b1d0ac74a9805e7ec5495fee","span_id":"98b2113c136c8065","message":"Starting route decision"}
{"timestamp":"2026-05-25T10:06:59Z","level":"INFO","service":"stock_rag","trace_id":"afec8d13b1d0ac74a9805e7ec5495fee","span_id":"98b2113c136c8065","message":"Route decision completed","metadata":{"message_id":"msg-1779703619021251000","selected_mode":"chat"}}
{"timestamp":"2026-05-25T10:06:59Z","level":"INFO","service":"stock_rag","trace_id":"afec8d13b1d0ac74a9805e7ec5495fee","span_id":"98b2113c136c8065","message":"Exact cache miss, proceeding with execution"}
{"timestamp":"2026-05-25T10:06:59Z","level":"INFO","service":"stock_rag","trace_id":"afec8d13b1d0ac74a9805e7ec5495fee","span_id":"98b2113c136c8065","message":"User message saved","metadata":{"conversation_id":"conversation-1779259052023494000","message_id":"msg-1779703619021251000"}}
{"timestamp":"2026-05-25T10:06:59Z","level":"INFO","service":"stock_rag","trace_id":"afec8d13b1d0ac74a9805e7ec5495fee","span_id":"98b2113c136c8065","message":"Executing request","metadata":{"conversation_id":"conversation-1779259052023494000","message_id":"msg-1779703619021251000","mode":"chat"}}
{"timestamp":"2026-05-25T10:06:59Z","level":"INFO","service":"stock_rag","trace_id":"afec8d13b1d0ac74a9805e7ec5495fee","span_id":"08ca9e939765783b","message":"AgentExecutor executing request","metadata":{"conversation_id":"conversation-1779259052023494000","mode":"chat","user_id":"71f3afff-d31c-4415-b90c-1e4d2618efca"}}
{"timestamp":"2026-05-25T10:06:59Z","level":"INFO","service":"stock_rag","trace_id":"afec8d13b1d0ac74a9805e7ec5495fee","span_id":"08ca9e939765783b","message":"AgentExecutor selected chat executor"}
{"timestamp":"2026-05-25T10:06:59Z","level":"INFO","service":"stock_rag","trace_id":"afec8d13b1d0ac74a9805e7ec5495fee","span_id":"08ca9e939765783b","message":"AgentExecutor calling executor","metadata":{"executor_name":"chat_executor"}}
{"timestamp":"2026-05-25T10:06:59Z","level":"INFO","service":"stock_rag","trace_id":"afec8d13b1d0ac74a9805e7ec5495fee","span_id":"47e3b63411ad0c8a","message":"Eino component started","metadata":{"component":"ChatModel","node_name":"","node_type":"Ark"}}
{"timestamp":"2026-05-25T10:07:07Z","level":"INFO","service":"stock_rag","trace_id":"afec8d13b1d0ac74a9805e7ec5495fee","span_id":"47e3b63411ad0c8a","message":"Eino component completed","metadata":{"component":"ChatModel","node_name":""}}
{"timestamp":"2026-05-25T10:07:07Z","level":"INFO","service":"stock_rag","trace_id":"afec8d13b1d0ac74a9805e7ec5495fee","span_id":"08ca9e939765783b","message":"AgentExecutor executor completed successfully","metadata":{"executor_name":"chat_executor"}}
{"timestamp":"2026-05-25T10:07:07Z","level":"INFO","service":"stock_rag","trace_id":"afec8d13b1d0ac74a9805e7ec5495fee","span_id":"98b2113c136c8065","message":"Execution completed","metadata":{"content_length":229,"input_tokens":0,"message_id":"","output_tokens":0}}
{"timestamp":"2026-05-25T10:07:07Z","level":"INFO","service":"stock_rag","message":"ExactCache entry added","metadata":{"cache_key":"哈哈哈|chat|||","ttl":"24h0m0s"}}
{"timestamp":"2026-05-25T10:07:07Z","level":"INFO","service":"stock_rag","message":"Exact cache entry added","metadata":{"cache_key":"哈哈哈|chat|||"}}
{"timestamp":"2026-05-25T10:07:07Z","level":"INFO","service":"stock_rag","trace_id":"afec8d13b1d0ac74a9805e7ec5495fee","span_id":"98b2113c136c8065","message":"Assistant message saved","metadata":{"conversation_id":"conversation-1779259052023494000","message_id":"msg-1779703627665555000"}}
{"timestamp":"2026-05-25T10:07:07Z","level":"INFO","service":"stock_rag","trace_id":"afec8d13b1d0ac74a9805e7ec5495fee","span_id":"98b2113c136c8065","message":"Chat request completed"}
{"timestamp":"2026-05-25T10:07:07Z","level":"INFO","service":"stock_rag","trace_id":"afec8d13b1d0ac74a9805e7ec5495fee","span_id":"7dc7a1c6fd2cbf96","message":"Chat response completed","metadata":{"conversation_id":"conversation-1779259052023494000","handler":"ChatHandler","message_id":"msg-1779703627665555000","mode":"chat"}}
{"timestamp":"2026-05-25T10:07:07Z","level":"INFO","service":"stock_rag","trace_id":"afec8d13b1d0ac74a9805e7ec5495fee","span_id":"7dc7a1c6fd2cbf96","message":"http_request","latency_ms":8652,"metadata":{"method":"POST","path":"/api/chat","status":200}}
{"timestamp":"2026-05-25T10:07:07Z","level":"INFO","service":"stock_rag","trace_id":"3f64bdc8678542b307f2d147a85886c4","span_id":"eece95705264eb19","message":"http_request","latency_ms":6,"metadata":{"method":"GET","path":"/api/conversations","status":200}}
{"timestamp":"2026-05-25T10:07:07Z","level":"INFO","service":"stock_rag","trace_id":"73423396574131f7034f5b424ab857e3","span_id":"156408c847efd96e","message":"http_request","latency_ms":3,"metadata":{"method":"GET","path":"/api/conversations/messages","status":200}}
{"timestamp":"2026-05-25T10:39:06Z","level":"INFO","service":"stock_rag","message":"structured logging ready","metadata":{"log_file":"logs/app.log"}}
{"timestamp":"2026-05-25T10:39:21Z","level":"INFO","service":"stock_rag","trace_id":"1b7e62729cad156015c625095cd4005d","span_id":"c5101173f4761e8b","message":"http_request","latency_ms":4,"metadata":{"method":"GET","path":"/","status":200}}
{"timestamp":"2026-05-25T10:39:21Z","level":"INFO","service":"stock_rag","trace_id":"090f9320b8ed12a2a226e7e7f3d9a0af","span_id":"4aa1387b873cb2e4","message":"http_request","latency_ms":1,"metadata":{"method":"GET","path":"/css/app.css","status":200}}
{"timestamp":"2026-05-25T10:39:21Z","level":"INFO","service":"stock_rag","trace_id":"1bb3931661fa954f5b4b04aad4196b1e","span_id":"79502d9450e8cc4d","message":"http_request","latency_ms":1,"metadata":{"method":"GET","path":"/js/auth.js","status":200}}
{"timestamp":"2026-05-25T10:39:21Z","level":"INFO","service":"stock_rag","trace_id":"50a30108d2173ace7309a7d6609e94d2","span_id":"576b2d4bfb51bcb5","message":"http_request","latency_ms":1,"metadata":{"method":"GET","path":"/js/chat-app.js","status":200}}
{"timestamp":"2026-05-25T10:39:21Z","level":"INFO","service":"stock_rag","trace_id":"e2e4746c8fb2b0178dd8d1d58c43de21","span_id":"ff47b7b5055c3c97","message":"http_request","metadata":{"method":"GET","path":"/.well-known/appspecific/com.chrome.devtools.json","status":404}}
{"timestamp":"2026-05-25T10:39:21Z","level":"INFO","service":"stock_rag","trace_id":"e42210da6dea018f1f4f51c03141a349","span_id":"4959050ba3a6f868","message":"http_request","metadata":{"method":"GET","path":"/api/auth/me","status":401}}
{"timestamp":"2026-05-25T10:39:21Z","level":"INFO","service":"stock_rag","trace_id":"4676e659753bd87708ac34d93f666a8e","span_id":"f88a48e159abbede","message":"http_request","metadata":{"method":"GET","path":"/login.html","status":200}}
{"timestamp":"2026-05-25T10:39:21Z","level":"INFO","service":"stock_rag","trace_id":"bbd4fcfda77950d10e470c5b03dfcc3d","span_id":"8d74000e940ce5b0","message":"http_request","metadata":{"method":"GET","path":"/.well-known/appspecific/com.chrome.devtools.json","status":404}}
{"timestamp":"2026-05-25T10:39:31Z","level":"INFO","service":"stock_rag","trace_id":"567fb3de017945ae80aecfeb7703c389","span_id":"22042a2840475c7d","message":"http_request","latency_ms":82,"metadata":{"method":"POST","path":"/api/auth/login","status":200}}
{"timestamp":"2026-05-25T10:39:31Z","level":"INFO","service":"stock_rag","trace_id":"e8b60c670d3bb427f9a0e827d426b032","span_id":"6d3eea6feebc1087","message":"http_request","metadata":{"method":"GET","path":"/.well-known/appspecific/com.chrome.devtools.json","status":404}}
{"timestamp":"2026-05-25T10:39:31Z","level":"INFO","service":"stock_rag","trace_id":"84077b05c53d173fbcf5de033933f98a","span_id":"d017a43e720c150d","message":"http_request","latency_ms":2,"metadata":{"method":"GET","path":"/api/auth/me","status":200}}
{"timestamp":"2026-05-25T10:39:31Z","level":"INFO","service":"stock_rag","trace_id":"1f47392c6d0afdf71a50ed5d22aee53a","span_id":"c74db1824e6cce27","message":"http_request","latency_ms":2,"metadata":{"method":"GET","path":"/api/conversations","status":200}}
{"timestamp":"2026-05-25T10:39:31Z","level":"INFO","service":"stock_rag","trace_id":"9ad34c4e4917ed63643d2965aaacda4b","span_id":"bcb7e5e5a7f13d82","message":"http_request","latency_ms":14,"metadata":{"method":"GET","path":"/api/conversations/messages","status":200}}
{"timestamp":"2026-05-25T10:40:05Z","level":"INFO","service":"stock_rag","trace_id":"03c7e27be9f33a8672e4547d38f51332","span_id":"01448fbef090cbca","message":"http_request","latency_ms":4,"metadata":{"method":"POST","path":"/api/chat/stream","status":500}}
{"timestamp":"2026-05-25T10:46:39Z","level":"INFO","service":"stock_rag","message":"structured logging ready","metadata":{"log_file":"logs/app.log"}}
{"timestamp":"2026-05-25T10:46:46Z","level":"INFO","service":"stock_rag","trace_id":"75e6e6ab9ad4ced63d654ffabe182e10","span_id":"4a8dda6305c06877","message":"http_request","latency_ms":2,"metadata":{"method":"GET","path":"/","status":304}}
{"timestamp":"2026-05-25T10:46:46Z","level":"INFO","service":"stock_rag","trace_id":"822798cb186f85a77e5e23e2d360f911","span_id":"adace746b578f691","message":"http_request","latency_ms":1,"metadata":{"method":"GET","path":"/js/auth.js","status":304}}
{"timestamp":"2026-05-25T10:46:46Z","level":"INFO","service":"stock_rag","trace_id":"c554cd135946cef8f113af518501f57e","span_id":"0f23c92454ae9060","message":"http_request","latency_ms":3,"metadata":{"method":"GET","path":"/js/chat-app.js","status":304}}
{"timestamp":"2026-05-25T10:46:46Z","level":"INFO","service":"stock_rag","trace_id":"263e67231a5f5fa044b83af0dd3d0aa4","span_id":"a0a4efe48f582f3e","message":"http_request","latency_ms":3,"metadata":{"method":"GET","path":"/css/app.css","status":304}}
{"timestamp":"2026-05-25T10:46:46Z","level":"INFO","service":"stock_rag","trace_id":"d799503c21dd0ca51084517fddc4fb76","span_id":"26589cdad0cfa63d","message":"http_request","latency_ms":1,"metadata":{"method":"GET","path":"/.well-known/appspecific/com.chrome.devtools.json","status":404}}
{"timestamp":"2026-05-25T10:46:46Z","level":"INFO","service":"stock_rag","trace_id":"96c3ca1bd3716a53f28306ef2ab50fe7","span_id":"e05e5c359ef4eb7d","message":"http_request","latency_ms":11,"metadata":{"method":"GET","path":"/api/auth/me","status":200}}
{"timestamp":"2026-05-25T10:46:46Z","level":"INFO","service":"stock_rag","trace_id":"0f11e6f044d412ab8d16c494e35a34db","span_id":"e840542000775176","message":"http_request","latency_ms":3,"metadata":{"method":"GET","path":"/api/conversations","status":200}}
{"timestamp":"2026-05-25T10:46:46Z","level":"INFO","service":"stock_rag","trace_id":"a74d99958156c54ac38b82234805e4cb","span_id":"34da23b125ade155","message":"http_request","latency_ms":5,"metadata":{"method":"GET","path":"/api/conversations/messages","status":200}}
{"timestamp":"2026-05-25T10:46:48Z","level":"INFO","service":"stock_rag","trace_id":"d563873c4adcd257018bfdd62aabeb87","span_id":"20454b2794b43577","message":"http_request","latency_ms":1,"metadata":{"method":"GET","path":"/","status":304}}
{"timestamp":"2026-05-25T10:46:48Z","level":"INFO","service":"stock_rag","trace_id":"80d562e22fd6e5e63cc6088105cf07db","span_id":"0956f1a5fe4afb76","message":"http_request","metadata":{"method":"GET","path":"/.well-known/appspecific/com.chrome.devtools.json","status":404}}
{"timestamp":"2026-05-25T10:46:48Z","level":"INFO","service":"stock_rag","trace_id":"18954f84fae1db377aac95c9794a5a77","span_id":"12b8a1edbeefd421","message":"http_request","latency_ms":1,"metadata":{"method":"GET","path":"/api/auth/me","status":200}}
{"timestamp":"2026-05-25T10:46:48Z","level":"INFO","service":"stock_rag","trace_id":"160a57cab51733cd994fb0a4d915106f","span_id":"c9ea66de1034fc23","message":"http_request","latency_ms":2,"metadata":{"method":"GET","path":"/api/conversations","status":200}}
{"timestamp":"2026-05-25T10:46:48Z","level":"INFO","service":"stock_rag","trace_id":"c242471819d62b0566a2a851ce2ac32d","span_id":"bc7a9a81f3956ccc","message":"http_request","latency_ms":2,"metadata":{"method":"GET","path":"/api/conversations/messages","status":200}}
{"timestamp":"2026-05-25T10:46:58Z","level":"INFO","service":"stock_rag","trace_id":"38b9dfc94b8be45ee256283b0bcd859c","span_id":"a2013f2093f7d43b","message":"Received chat stream request","metadata":{"conversation_id":"conversation-1779259052023494000","handler":"ChatHandler.ChatStream","message_preview":"你能帮我做什么？","mode":"","user_id":"71f3afff-d31c-4415-b90c-1e4d2618efca"}}
{"timestamp":"2026-05-25T10:46:58Z","level":"INFO","service":"stock_rag","trace_id":"38b9dfc94b8be45ee256283b0bcd859c","span_id":"d6f6cb57318f2980","message":"Starting chat request","metadata":{"conversation_id":"conversation-1779259052023494000","message_preview":"你能帮我做什么？","user_id":"71f3afff-d31c-4415-b90c-1e4d2618efca"}}
{"timestamp":"2026-05-25T10:46:58Z","level":"INFO","service":"stock_rag","trace_id":"38b9dfc94b8be45ee256283b0bcd859c","span_id":"d6f6cb57318f2980","message":"Fetching recent messages and conversation context"}
{"timestamp":"2026-05-25T10:46:58Z","level":"INFO","service":"stock_rag","trace_id":"38b9dfc94b8be45ee256283b0bcd859c","span_id":"d6f6cb57318f2980","message":"Found recent messages","metadata":{"count":5}}
{"timestamp":"2026-05-25T10:46:58Z","level":"INFO","service":"stock_rag","trace_id":"38b9dfc94b8be45ee256283b0bcd859c","span_id":"d6f6cb57318f2980","message":"Last route mode","metadata":{"mode":"chat"}}
{"timestamp":"2026-05-25T10:46:58Z","level":"INFO","service":"stock_rag","trace_id":"38b9dfc94b8be45ee256283b0bcd859c","span_id":"d6f6cb57318f2980","message":"Starting route decision"}
{"timestamp":"2026-05-25T10:46:58Z","level":"INFO","service":"stock_rag","trace_id":"38b9dfc94b8be45ee256283b0bcd859c","span_id":"d6f6cb57318f2980","message":"Route decision completed","metadata":{"message_id":"msg-1779706018600600000","selected_mode":"chat"}}
{"timestamp":"2026-05-25T10:46:58Z","level":"INFO","service":"stock_rag","trace_id":"38b9dfc94b8be45ee256283b0bcd859c","span_id":"d6f6cb57318f2980","message":"Exact cache miss, proceeding with execution"}
{"timestamp":"2026-05-25T10:46:58Z","level":"INFO","service":"stock_rag","trace_id":"38b9dfc94b8be45ee256283b0bcd859c","span_id":"d6f6cb57318f2980","message":"User message saved","metadata":{"conversation_id":"conversation-1779259052023494000","message_id":"msg-1779706018600600000"}}
{"timestamp":"2026-05-25T10:46:58Z","level":"INFO","service":"stock_rag","trace_id":"38b9dfc94b8be45ee256283b0bcd859c","span_id":"d6f6cb57318f2980","message":"Executing request","metadata":{"conversation_id":"conversation-1779259052023494000","message_id":"msg-1779706018600600000","mode":"chat"}}
{"timestamp":"2026-05-25T10:46:58Z","level":"INFO","service":"stock_rag","trace_id":"38b9dfc94b8be45ee256283b0bcd859c","span_id":"931be9dfa90a9882","message":"AgentExecutor executing request","metadata":{"conversation_id":"conversation-1779259052023494000","mode":"chat","user_id":"71f3afff-d31c-4415-b90c-1e4d2618efca"}}
{"timestamp":"2026-05-25T10:46:58Z","level":"INFO","service":"stock_rag","trace_id":"38b9dfc94b8be45ee256283b0bcd859c","span_id":"931be9dfa90a9882","message":"AgentExecutor selected chat executor"}
{"timestamp":"2026-05-25T10:46:58Z","level":"INFO","service":"stock_rag","trace_id":"38b9dfc94b8be45ee256283b0bcd859c","span_id":"931be9dfa90a9882","message":"AgentExecutor calling executor","metadata":{"executor_name":"chat_executor"}}
{"timestamp":"2026-05-25T10:46:58Z","level":"INFO","service":"stock_rag","trace_id":"38b9dfc94b8be45ee256283b0bcd859c","span_id":"e096b4a56686b8e4","message":"Eino component started","metadata":{"component":"ChatModel","node_name":"","node_type":"Ark"}}
{"timestamp":"2026-05-25T10:47:28Z","level":"INFO","service":"stock_rag","trace_id":"38b9dfc94b8be45ee256283b0bcd859c","span_id":"931be9dfa90a9882","message":"AgentExecutor executor completed successfully","metadata":{"executor_name":"chat_executor"}}
{"timestamp":"2026-05-25T10:47:28Z","level":"INFO","service":"stock_rag","trace_id":"38b9dfc94b8be45ee256283b0bcd859c","span_id":"d6f6cb57318f2980","message":"Execution completed","metadata":{"content_length":1862,"input_tokens":0,"message_id":"","output_tokens":0}}
{"timestamp":"2026-05-25T10:47:28Z","level":"INFO","service":"stock_rag","message":"ExactCache entry added","metadata":{"cache_key":"你能帮我做什么？|chat|||","ttl":"24h0m0s"}}
{"timestamp":"2026-05-25T10:47:28Z","level":"INFO","service":"stock_rag","message":"Exact cache entry added","metadata":{"cache_key":"你能帮我做什么？|chat|||"}}
{"timestamp":"2026-05-25T10:47:28Z","level":"INFO","service":"stock_rag","trace_id":"38b9dfc94b8be45ee256283b0bcd859c","span_id":"d6f6cb57318f2980","message":"Assistant message saved","metadata":{"conversation_id":"conversation-1779259052023494000","message_id":"msg-1779706048403501000"}}
{"timestamp":"2026-05-25T10:47:28Z","level":"INFO","service":"stock_rag","trace_id":"38b9dfc94b8be45ee256283b0bcd859c","span_id":"d6f6cb57318f2980","message":"Chat request completed"}
{"timestamp":"2026-05-25T10:47:28Z","level":"INFO","service":"stock_rag","trace_id":"38b9dfc94b8be45ee256283b0bcd859c","span_id":"a2013f2093f7d43b","message":"Chat stream completed","metadata":{"conversation_id":"conversation-1779259052023494000","handler":"ChatHandler.ChatStream","message_id":"msg-1779706048403501000","mode":"chat"}}
{"timestamp":"2026-05-25T10:47:28Z","level":"INFO","service":"stock_rag","trace_id":"38b9dfc94b8be45ee256283b0bcd859c","span_id":"a2013f2093f7d43b","message":"http_request","latency_ms":29815,"metadata":{"method":"POST","path":"/api/chat/stream","status":200}}
{"timestamp":"2026-05-25T10:47:28Z","level":"INFO","service":"stock_rag","trace_id":"a13a74a83292aed5eeda780bbfc0c9b3","span_id":"fcfa5a56a325b663","message":"http_request","latency_ms":1,"metadata":{"method":"GET","path":"/api/conversations","status":200}}
{"timestamp":"2026-05-25T10:51:43Z","level":"INFO","service":"stock_rag","trace_id":"157051cf791e010d6643f51085e86765","span_id":"f6e28cab0d007a2c","message":"http_request","latency_ms":4,"metadata":{"method":"GET","path":"/","status":200}}
{"timestamp":"2026-05-25T10:51:43Z","level":"INFO","service":"stock_rag","trace_id":"ba41ce7ac1dbcc7cb6976b9fe89d7b54","span_id":"a8879f66571c4cc9","message":"http_request","latency_ms":1,"metadata":{"method":"GET","path":"/css/app.css","status":200}}
{"timestamp":"2026-05-25T10:51:43Z","level":"INFO","service":"stock_rag","trace_id":"aad84bccca20890761262590a688149b","span_id":"4d4d75617eeaed1a","message":"http_request","metadata":{"method":"GET","path":"/js/auth.js","status":304}}
{"timestamp":"2026-05-25T10:51:43Z","level":"INFO","service":"stock_rag","trace_id":"cc084f2353c3ace88637848b403bbbbc","span_id":"a3330a734a95dedf","message":"http_request","latency_ms":1,"metadata":{"method":"GET","path":"/js/chat-app.js","status":200}}
{"timestamp":"2026-05-25T10:51:43Z","level":"INFO","service":"stock_rag","trace_id":"f7f7c4d9406503e8cd8097b0b8c5da76","span_id":"3528fee1342c26cd","message":"http_request","metadata":{"method":"GET","path":"/.well-known/appspecific/com.chrome.devtools.json","status":404}}
{"timestamp":"2026-05-25T10:51:44Z","level":"INFO","service":"stock_rag","trace_id":"c65bd1fd6ca563f9dce9efbe89f9b970","span_id":"48913ab4727774f5","message":"http_request","latency_ms":4,"metadata":{"method":"GET","path":"/api/auth/me","status":200}}
{"timestamp":"2026-05-25T10:51:44Z","level":"INFO","service":"stock_rag","trace_id":"32e214ff75dc96af1961bff58f3514a9","span_id":"adb83b67cd179ba1","message":"http_request","latency_ms":2,"metadata":{"method":"GET","path":"/api/conversations","status":200}}
{"timestamp":"2026-05-25T10:51:44Z","level":"INFO","service":"stock_rag","trace_id":"a68b61021a5678339e07e6782766b145","span_id":"c2f6e3a99f179fd0","message":"http_request","latency_ms":3,"metadata":{"method":"GET","path":"/api/conversations/messages","status":200}}
{"timestamp":"2026-05-25T10:51:49Z","level":"INFO","service":"stock_rag","trace_id":"c6e4bea98ef91cbab52c7f53d6d0a988","span_id":"1f15e8dae0353fbe","message":"http_request","latency_ms":1,"metadata":{"method":"GET","path":"/","status":304}}
{"timestamp":"2026-05-25T10:51:49Z","level":"INFO","service":"stock_rag","trace_id":"c255c32e01e1ed2e2708c16247177a02","span_id":"ab146ab65c034309","message":"http_request","metadata":{"method":"GET","path":"/.well-known/appspecific/com.chrome.devtools.json","status":404}}
{"timestamp":"2026-05-25T10:51:49Z","level":"INFO","service":"stock_rag","trace_id":"4b3084880c3cf79946271e44567a36dc","span_id":"e1925fbe57655bcd","message":"http_request","latency_ms":1,"metadata":{"method":"GET","path":"/api/auth/me","status":200}}
{"timestamp":"2026-05-25T10:51:49Z","level":"INFO","service":"stock_rag","trace_id":"7790a6a3bde64e13c908b17a6ecb207f","span_id":"f51599b74fb28e8c","message":"http_request","latency_ms":11,"metadata":{"method":"GET","path":"/api/conversations","status":200}}
{"timestamp":"2026-05-25T10:51:49Z","level":"INFO","service":"stock_rag","trace_id":"7f0024ee7150d78c809fcaa858f69ed6","span_id":"30baa76a0e1bc402","message":"http_request","latency_ms":2,"metadata":{"method":"GET","path":"/api/conversations/messages","status":200}}
{"timestamp":"2026-05-25T10:52:14Z","level":"INFO","service":"stock_rag","trace_id":"a5ec6a8cd3030a11269f4d9d20a90bdc","span_id":"7df935e44945cfca","message":"http_request","latency_ms":4,"metadata":{"method":"GET","path":"/","status":200}}
{"timestamp":"2026-05-25T10:52:14Z","level":"INFO","service":"stock_rag","trace_id":"470705601d8ff054a62c5047e6a76efc","span_id":"2e69e7bccd3e3742","message":"http_request","latency_ms":1,"metadata":{"method":"GET","path":"/js/chat-app.js","status":200}}
{"timestamp":"2026-05-25T10:52:14Z","level":"INFO","service":"stock_rag","trace_id":"d7bde1e480b4c5706b5d3c039e377905","span_id":"38d8104c6d833f64","message":"http_request","latency_ms":1,"metadata":{"method":"GET","path":"/css/app.css","status":200}}
{"timestamp":"2026-05-25T10:52:14Z","level":"INFO","service":"stock_rag","trace_id":"a30cb16cee09218dafc49818c6dcbe10","span_id":"73db7bda2f53683e","message":"http_request","latency_ms":1,"metadata":{"method":"GET","path":"/js/auth.js","status":200}}
{"timestamp":"2026-05-25T10:52:14Z","level":"INFO","service":"stock_rag","trace_id":"57d996536b6c2765c8832f2621bef506","span_id":"f69799cd2d9af7ed","message":"http_request","latency_ms":2,"metadata":{"method":"GET","path":"/.well-known/appspecific/com.chrome.devtools.json","status":404}}
{"timestamp":"2026-05-25T10:52:15Z","level":"INFO","service":"stock_rag","trace_id":"f2328658d3dbd654124b6a8b6198f59f","span_id":"68ea8f313433a768","message":"http_request","latency_ms":2,"metadata":{"method":"GET","path":"/api/auth/me","status":200}}
{"timestamp":"2026-05-25T10:52:15Z","level":"INFO","service":"stock_rag","trace_id":"5a9b82fa26ec2b7a0d28db48673e74da","span_id":"2aee7825b4893b10","message":"http_request","latency_ms":12,"metadata":{"method":"GET","path":"/api/conversations","status":200}}
{"timestamp":"2026-05-25T10:52:15Z","level":"INFO","service":"stock_rag","trace_id":"d0a2b3a00590d226a8b75ca7ee54fe37","span_id":"990338d3d107e31a","message":"http_request","latency_ms":2,"metadata":{"method":"GET","path":"/api/conversations/messages","status":200}}
{"timestamp":"2026-05-25T10:52:15Z","level":"INFO","service":"stock_rag","trace_id":"1a4fd81d2f9cdbde673e4c0c13bbf9e7","span_id":"3854a66259190c1b","message":"http_request","metadata":{"method":"GET","path":"/favicon.ico","status":404}}
{"timestamp":"2026-05-25T10:52:31Z","level":"INFO","service":"stock_rag","trace_id":"dcb2ac3d1b1942ea89b6046ba2e19b3c","span_id":"78d5a22fe5390ccd","message":"Received chat stream request","metadata":{"conversation_id":"conversation-1779259052023494000","handler":"ChatHandler.ChatStream","message_preview":"你输出的格式是怎么样的呢？","mode":"","user_id":"71f3afff-d31c-4415-b90c-1e4d2618efca"}}
{"timestamp":"2026-05-25T10:52:31Z","level":"INFO","service":"stock_rag","trace_id":"dcb2ac3d1b1942ea89b6046ba2e19b3c","span_id":"de940773d6e340df","message":"Starting chat request","metadata":{"conversation_id":"conversation-1779259052023494000","message_preview":"你输出的格式是怎么样的呢？","user_id":"71f3afff-d31c-4415-b90c-1e4d2618efca"}}
{"timestamp":"2026-05-25T10:52:31Z","level":"INFO","service":"stock_rag","trace_id":"dcb2ac3d1b1942ea89b6046ba2e19b3c","span_id":"de940773d6e340df","message":"Fetching recent messages and conversation context"}
{"timestamp":"2026-05-25T10:52:31Z","level":"INFO","service":"stock_rag","trace_id":"dcb2ac3d1b1942ea89b6046ba2e19b3c","span_id":"de940773d6e340df","message":"Found recent messages","metadata":{"count":5}}
{"timestamp":"2026-05-25T10:52:31Z","level":"INFO","service":"stock_rag","trace_id":"dcb2ac3d1b1942ea89b6046ba2e19b3c","span_id":"de940773d6e340df","message":"Last route mode","metadata":{"mode":"chat"}}
{"timestamp":"2026-05-25T10:52:31Z","level":"INFO","service":"stock_rag","trace_id":"dcb2ac3d1b1942ea89b6046ba2e19b3c","span_id":"de940773d6e340df","message":"Starting route decision"}
{"timestamp":"2026-05-25T10:52:31Z","level":"INFO","service":"stock_rag","trace_id":"dcb2ac3d1b1942ea89b6046ba2e19b3c","span_id":"de940773d6e340df","message":"Route decision completed","metadata":{"message_id":"msg-1779706351147513000","selected_mode":"rag"}}
{"timestamp":"2026-05-25T10:52:31Z","level":"INFO","service":"stock_rag","trace_id":"dcb2ac3d1b1942ea89b6046ba2e19b3c","span_id":"de940773d6e340df","message":"Exact cache miss, proceeding with execution"}
{"timestamp":"2026-05-25T10:52:31Z","level":"INFO","service":"stock_rag","trace_id":"dcb2ac3d1b1942ea89b6046ba2e19b3c","span_id":"de940773d6e340df","message":"User message saved","metadata":{"conversation_id":"conversation-1779259052023494000","message_id":"msg-1779706351147513000"}}
{"timestamp":"2026-05-25T10:52:31Z","level":"INFO","service":"stock_rag","trace_id":"dcb2ac3d1b1942ea89b6046ba2e19b3c","span_id":"de940773d6e340df","message":"Executing request","metadata":{"conversation_id":"conversation-1779259052023494000","message_id":"msg-1779706351147513000","mode":"rag"}}
{"timestamp":"2026-05-25T10:52:31Z","level":"INFO","service":"stock_rag","trace_id":"dcb2ac3d1b1942ea89b6046ba2e19b3c","span_id":"216065e2e30da08a","message":"AgentExecutor executing request","metadata":{"conversation_id":"conversation-1779259052023494000","mode":"rag","user_id":"71f3afff-d31c-4415-b90c-1e4d2618efca"}}
{"timestamp":"2026-05-25T10:52:31Z","level":"INFO","service":"stock_rag","trace_id":"dcb2ac3d1b1942ea89b6046ba2e19b3c","span_id":"216065e2e30da08a","message":"AgentExecutor selected RAG executor"}
{"timestamp":"2026-05-25T10:52:31Z","level":"INFO","service":"stock_rag","trace_id":"dcb2ac3d1b1942ea89b6046ba2e19b3c","span_id":"216065e2e30da08a","message":"AgentExecutor calling executor","metadata":{"executor_name":"rag_executor"}}
{"timestamp":"2026-05-25T10:52:31Z","level":"DEBUG","service":"stock_rag","trace_id":"dcb2ac3d1b1942ea89b6046ba2e19b3c","span_id":"216065e2e30da08a","message":"RedisSemanticCache.Get called","metadata":{"query":"你输出的格式是怎么样的呢？"}}
{"timestamp":"2026-05-25T10:52:31Z","level":"WARN","service":"stock_rag","trace_id":"dcb2ac3d1b1942ea89b6046ba2e19b3c","span_id":"216065e2e30da08a","message":"RedisSemanticCache embed query failed"}
{"timestamp":"2026-05-25T10:52:31Z","level":"INFO","service":"stock_rag","trace_id":"dcb2ac3d1b1942ea89b6046ba2e19b3c","span_id":"047c1317b977f83f","message":"Eino component started","metadata":{"component":"Chain","node_name":"","node_type":""}}
{"timestamp":"2026-05-25T10:52:31Z","level":"INFO","service":"stock_rag","trace_id":"dcb2ac3d1b1942ea89b6046ba2e19b3c","span_id":"64a6f795625f441e","message":"Eino component started","metadata":{"component":"Lambda","node_name":"","node_type":""}}
{"timestamp":"2026-05-25T10:52:31Z","level":"INFO","service":"stock_rag","trace_id":"dcb2ac3d1b1942ea89b6046ba2e19b3c","span_id":"64a6f795625f441e","message":"Eino component completed","metadata":{"component":"Lambda","node_name":""}}
{"timestamp":"2026-05-25T10:52:31Z","level":"INFO","service":"stock_rag","trace_id":"dcb2ac3d1b1942ea89b6046ba2e19b3c","span_id":"eeafc451345ed26c","message":"Eino component started","metadata":{"component":"Lambda","node_name":"","node_type":""}}
{"timestamp":"2026-05-25T10:52:31Z","level":"INFO","service":"stock_rag","trace_id":"dcb2ac3d1b1942ea89b6046ba2e19b3c","span_id":"eeafc451345ed26c","message":"Eino component completed","metadata":{"component":"Lambda","node_name":""}}
{"timestamp":"2026-05-25T10:52:31Z","level":"INFO","service":"stock_rag","trace_id":"dcb2ac3d1b1942ea89b6046ba2e19b3c","span_id":"bcee226bd041e0aa","message":"Eino component started","metadata":{"component":"Lambda","node_name":"","node_type":""}}
{"timestamp":"2026-05-25T10:52:31Z","level":"INFO","service":"stock_rag","trace_id":"dcb2ac3d1b1942ea89b6046ba2e19b3c","span_id":"b93bfaba1fe4472b","message":"Eino component started","metadata":{"component":"ChatTemplate","node_name":"","node_type":"Default"}}
{"timestamp":"2026-05-25T10:52:31Z","level":"INFO","service":"stock_rag","trace_id":"dcb2ac3d1b1942ea89b6046ba2e19b3c","span_id":"b93bfaba1fe4472b","message":"Eino component completed","metadata":{"component":"ChatTemplate","node_name":""}}
{"timestamp":"2026-05-25T10:52:31Z","level":"INFO","service":"stock_rag","trace_id":"dcb2ac3d1b1942ea89b6046ba2e19b3c","span_id":"bcee226bd041e0aa","message":"Eino component completed","metadata":{"component":"Lambda","node_name":""}}
{"timestamp":"2026-05-25T10:52:31Z","level":"INFO","service":"stock_rag","trace_id":"dcb2ac3d1b1942ea89b6046ba2e19b3c","span_id":"5fba6bc0c2d3eb67","message":"Eino component started","metadata":{"component":"Lambda","node_name":"","node_type":""}}
{"timestamp":"2026-05-25T10:52:31Z","level":"INFO","service":"stock_rag","trace_id":"dcb2ac3d1b1942ea89b6046ba2e19b3c","span_id":"426f25ab9d5a8b77","message":"Eino component started","metadata":{"component":"ChatModel","node_name":"","node_type":"Ark"}}
{"timestamp":"2026-05-25T10:52:45Z","level":"INFO","service":"stock_rag","trace_id":"dcb2ac3d1b1942ea89b6046ba2e19b3c","span_id":"426f25ab9d5a8b77","message":"Eino component completed","metadata":{"component":"ChatModel","node_name":""}}
{"timestamp":"2026-05-25T10:52:45Z","level":"INFO","service":"stock_rag","trace_id":"dcb2ac3d1b1942ea89b6046ba2e19b3c","span_id":"5fba6bc0c2d3eb67","message":"Eino component completed","metadata":{"component":"Lambda","node_name":""}}
{"timestamp":"2026-05-25T10:52:45Z","level":"INFO","service":"stock_rag","trace_id":"dcb2ac3d1b1942ea89b6046ba2e19b3c","span_id":"f1f229e4c1f53999","message":"Eino component started","metadata":{"component":"Lambda","node_name":"","node_type":""}}
{"timestamp":"2026-05-25T10:52:45Z","level":"INFO","service":"stock_rag","trace_id":"dcb2ac3d1b1942ea89b6046ba2e19b3c","span_id":"f1f229e4c1f53999","message":"Eino component completed","metadata":{"component":"Lambda","node_name":""}}
{"timestamp":"2026-05-25T10:52:45Z","level":"INFO","service":"stock_rag","trace_id":"dcb2ac3d1b1942ea89b6046ba2e19b3c","span_id":"f033bc1591999da3","message":"Eino component started","metadata":{"component":"Lambda","node_name":"","node_type":""}}
{"timestamp":"2026-05-25T10:52:45Z","level":"INFO","service":"stock_rag","trace_id":"dcb2ac3d1b1942ea89b6046ba2e19b3c","span_id":"f033bc1591999da3","message":"Eino component completed","metadata":{"component":"Lambda","node_name":""}}
{"timestamp":"2026-05-25T10:52:45Z","level":"INFO","service":"stock_rag","trace_id":"dcb2ac3d1b1942ea89b6046ba2e19b3c","span_id":"047c1317b977f83f","message":"Eino component completed","metadata":{"component":"Chain","node_name":""}}
{"timestamp":"2026-05-25T10:52:45Z","level":"DEBUG","service":"stock_rag","trace_id":"dcb2ac3d1b1942ea89b6046ba2e19b3c","span_id":"216065e2e30da08a","message":"RedisSemanticCache.Set called","metadata":{"query":"你输出的格式是怎么样的呢？"}}
{"timestamp":"2026-05-25T10:52:45Z","level":"WARN","service":"stock_rag","trace_id":"dcb2ac3d1b1942ea89b6046ba2e19b3c","span_id":"216065e2e30da08a","message":"RedisSemanticCache embed query failed"}
{"timestamp":"2026-05-25T10:52:45Z","level":"INFO","service":"stock_rag","trace_id":"dcb2ac3d1b1942ea89b6046ba2e19b3c","span_id":"216065e2e30da08a","message":"AgentExecutor executor completed successfully","metadata":{"executor_name":"rag_executor"}}
{"timestamp":"2026-05-25T10:52:45Z","level":"INFO","service":"stock_rag","trace_id":"dcb2ac3d1b1942ea89b6046ba2e19b3c","span_id":"de940773d6e340df","message":"Execution completed","metadata":{"content_length":54,"input_tokens":0,"message_id":"","output_tokens":0}}
{"timestamp":"2026-05-25T10:52:45Z","level":"INFO","service":"stock_rag","message":"ExactCache entry added","metadata":{"cache_key":"你输出的格式是怎么样的呢？|rag|||","ttl":"24h0m0s"}}
{"timestamp":"2026-05-25T10:52:45Z","level":"INFO","service":"stock_rag","message":"Exact cache entry added","metadata":{"cache_key":"你输出的格式是怎么样的呢？|rag|||"}}
{"timestamp":"2026-05-25T10:52:45Z","level":"INFO","service":"stock_rag","trace_id":"dcb2ac3d1b1942ea89b6046ba2e19b3c","span_id":"de940773d6e340df","message":"Assistant message saved","metadata":{"conversation_id":"conversation-1779259052023494000","message_id":"msg-1779706365601092000"}}
{"timestamp":"2026-05-25T10:52:45Z","level":"INFO","service":"stock_rag","trace_id":"dcb2ac3d1b1942ea89b6046ba2e19b3c","span_id":"de940773d6e340df","message":"Chat request completed"}
{"timestamp":"2026-05-25T10:52:45Z","level":"INFO","service":"stock_rag","trace_id":"dcb2ac3d1b1942ea89b6046ba2e19b3c","span_id":"78d5a22fe5390ccd","message":"Chat stream completed","metadata":{"conversation_id":"conversation-1779259052023494000","handler":"ChatHandler.ChatStream","message_id":"msg-1779706365601092000","mode":"rag"}}
{"timestamp":"2026-05-25T10:52:45Z","level":"INFO","service":"stock_rag","trace_id":"dcb2ac3d1b1942ea89b6046ba2e19b3c","span_id":"78d5a22fe5390ccd","message":"http_request","latency_ms":14460,"metadata":{"method":"POST","path":"/api/chat/stream","status":200}}
{"timestamp":"2026-05-25T10:52:45Z","level":"INFO","service":"stock_rag","trace_id":"4cbc42b5a13cc0511930812c14c0fcd9","span_id":"90a730527b3a6069","message":"http_request","latency_ms":1,"metadata":{"method":"GET","path":"/api/conversations","status":200}}
{"timestamp":"2026-05-25T10:52:58Z","level":"INFO","service":"stock_rag","trace_id":"6406fa24438a7bbaaec6ebe31f330718","span_id":"c3917c030caeae3a","message":"Received chat stream request","metadata":{"conversation_id":"conversation-1779259052023494000","handler":"ChatHandler.ChatStream","message_preview":"你能帮我做什么呢？","mode":"","user_id":"71f3afff-d31c-4415-b90c-1e4d2618efca"}}
{"timestamp":"2026-05-25T10:52:58Z","level":"INFO","service":"stock_rag","trace_id":"6406fa24438a7bbaaec6ebe31f330718","span_id":"fcf0017a7ddd12c2","message":"Starting chat request","metadata":{"conversation_id":"conversation-1779259052023494000","message_preview":"你能帮我做什么呢？","user_id":"71f3afff-d31c-4415-b90c-1e4d2618efca"}}
{"timestamp":"2026-05-25T10:52:58Z","level":"INFO","service":"stock_rag","trace_id":"6406fa24438a7bbaaec6ebe31f330718","span_id":"fcf0017a7ddd12c2","message":"Fetching recent messages and conversation context"}
{"timestamp":"2026-05-25T10:52:58Z","level":"INFO","service":"stock_rag","trace_id":"6406fa24438a7bbaaec6ebe31f330718","span_id":"fcf0017a7ddd12c2","message":"Found recent messages","metadata":{"count":5}}
{"timestamp":"2026-05-25T10:52:58Z","level":"INFO","service":"stock_rag","trace_id":"6406fa24438a7bbaaec6ebe31f330718","span_id":"fcf0017a7ddd12c2","message":"Last route mode","metadata":{"mode":"rag"}}
{"timestamp":"2026-05-25T10:52:58Z","level":"INFO","service":"stock_rag","trace_id":"6406fa24438a7bbaaec6ebe31f330718","span_id":"fcf0017a7ddd12c2","message":"Starting route decision"}
{"timestamp":"2026-05-25T10:52:58Z","level":"INFO","service":"stock_rag","trace_id":"6406fa24438a7bbaaec6ebe31f330718","span_id":"fcf0017a7ddd12c2","message":"Route decision completed","metadata":{"message_id":"msg-1779706378726151000","selected_mode":"chat"}}
{"timestamp":"2026-05-25T10:52:58Z","level":"INFO","service":"stock_rag","trace_id":"6406fa24438a7bbaaec6ebe31f330718","span_id":"fcf0017a7ddd12c2","message":"Exact cache miss, proceeding with execution"}
{"timestamp":"2026-05-25T10:52:58Z","level":"INFO","service":"stock_rag","trace_id":"6406fa24438a7bbaaec6ebe31f330718","span_id":"fcf0017a7ddd12c2","message":"User message saved","metadata":{"conversation_id":"conversation-1779259052023494000","message_id":"msg-1779706378726151000"}}
{"timestamp":"2026-05-25T10:52:58Z","level":"INFO","service":"stock_rag","trace_id":"6406fa24438a7bbaaec6ebe31f330718","span_id":"fcf0017a7ddd12c2","message":"Executing request","metadata":{"conversation_id":"conversation-1779259052023494000","message_id":"msg-1779706378726151000","mode":"chat"}}
{"timestamp":"2026-05-25T10:52:58Z","level":"INFO","service":"stock_rag","trace_id":"6406fa24438a7bbaaec6ebe31f330718","span_id":"449d44963a9d5643","message":"AgentExecutor executing request","metadata":{"conversation_id":"conversation-1779259052023494000","mode":"chat","user_id":"71f3afff-d31c-4415-b90c-1e4d2618efca"}}
{"timestamp":"2026-05-25T10:52:58Z","level":"INFO","service":"stock_rag","trace_id":"6406fa24438a7bbaaec6ebe31f330718","span_id":"449d44963a9d5643","message":"AgentExecutor selected chat executor"}
{"timestamp":"2026-05-25T10:52:58Z","level":"INFO","service":"stock_rag","trace_id":"6406fa24438a7bbaaec6ebe31f330718","span_id":"449d44963a9d5643","message":"AgentExecutor calling executor","metadata":{"executor_name":"chat_executor"}}
{"timestamp":"2026-05-25T10:52:58Z","level":"INFO","service":"stock_rag","trace_id":"6406fa24438a7bbaaec6ebe31f330718","span_id":"bd2760d60243bd08","message":"Eino component started","metadata":{"component":"ChatModel","node_name":"","node_type":"Ark"}}
{"timestamp":"2026-05-25T10:53:29Z","level":"INFO","service":"stock_rag","trace_id":"6406fa24438a7bbaaec6ebe31f330718","span_id":"449d44963a9d5643","message":"AgentExecutor executor completed successfully","metadata":{"executor_name":"chat_executor"}}
{"timestamp":"2026-05-25T10:53:29Z","level":"INFO","service":"stock_rag","trace_id":"6406fa24438a7bbaaec6ebe31f330718","span_id":"fcf0017a7ddd12c2","message":"Execution completed","metadata":{"content_length":1736,"input_tokens":0,"message_id":"","output_tokens":0}}
{"timestamp":"2026-05-25T10:53:29Z","level":"INFO","service":"stock_rag","message":"ExactCache entry added","metadata":{"cache_key":"你能帮我做什么呢？|chat|||","ttl":"24h0m0s"}}
{"timestamp":"2026-05-25T10:53:29Z","level":"INFO","service":"stock_rag","message":"Exact cache entry added","metadata":{"cache_key":"你能帮我做什么呢？|chat|||"}}
{"timestamp":"2026-05-25T10:53:29Z","level":"INFO","service":"stock_rag","trace_id":"6406fa24438a7bbaaec6ebe31f330718","span_id":"fcf0017a7ddd12c2","message":"Assistant message saved","metadata":{"conversation_id":"conversation-1779259052023494000","message_id":"msg-1779706409798455000"}}
{"timestamp":"2026-05-25T10:53:29Z","level":"INFO","service":"stock_rag","trace_id":"6406fa24438a7bbaaec6ebe31f330718","span_id":"fcf0017a7ddd12c2","message":"Chat request completed"}
{"timestamp":"2026-05-25T10:53:29Z","level":"INFO","service":"stock_rag","trace_id":"6406fa24438a7bbaaec6ebe31f330718","span_id":"c3917c030caeae3a","message":"Chat stream completed","metadata":{"conversation_id":"conversation-1779259052023494000","handler":"ChatHandler.ChatStream","message_id":"msg-1779706409798455000","mode":"chat"}}
{"timestamp":"2026-05-25T10:53:29Z","level":"INFO","service":"stock_rag","trace_id":"6406fa24438a7bbaaec6ebe31f330718","span_id":"c3917c030caeae3a","message":"http_request","latency_ms":31082,"metadata":{"method":"POST","path":"/api/chat/stream","status":200}}
{"timestamp":"2026-05-25T10:53:29Z","level":"INFO","service":"stock_rag","trace_id":"839d0f867af44a44423fc2edb2ec6953","span_id":"ac93c9eab159b49f","message":"http_request","latency_ms":2,"metadata":{"method":"GET","path":"/api/conversations","status":200}}
{"timestamp":"2026-05-25T10:58:50Z","level":"INFO","service":"stock_rag","message":"structured logging ready","metadata":{"log_file":"logs/app.log"}}
{"timestamp":"2026-05-25T10:58:53Z","level":"INFO","service":"stock_rag","trace_id":"24cc968896a271fae14f20079e45f0c0","span_id":"fe2ae1a53b878de6","message":"http_request","latency_ms":3,"metadata":{"method":"GET","path":"/","status":200}}
{"timestamp":"2026-05-25T10:58:53Z","level":"INFO","service":"stock_rag","trace_id":"f9ee462a8777f8cff7da6d45c7b9d452","span_id":"af33dd051a65865c","message":"http_request","latency_ms":1,"metadata":{"method":"GET","path":"/js/vendor/marked.min.js","status":200}}
{"timestamp":"2026-05-25T10:58:53Z","level":"INFO","service":"stock_rag","trace_id":"302645a8b4e9bf5fb936a47be0ae4f44","span_id":"4582a0a56ffce8c8","message":"http_request","latency_ms":2,"metadata":{"method":"GET","path":"/js/vendor/purify.min.js","status":200}}
{"timestamp":"2026-05-25T10:58:53Z","level":"INFO","service":"stock_rag","trace_id":"7ee1b9c9ad04675e6440bf9e10b095a3","span_id":"2dabf6269887fac2","message":"http_request","latency_ms":2,"metadata":{"method":"GET","path":"/js/auth.js","status":304}}
{"timestamp":"2026-05-25T10:58:53Z","level":"INFO","service":"stock_rag","trace_id":"9fa222e34f25989a20eeb47e767494b4","span_id":"67ac864596bb0387","message":"http_request","latency_ms":3,"metadata":{"method":"GET","path":"/css/app.css","status":304}}
{"timestamp":"2026-05-25T10:58:53Z","level":"INFO","service":"stock_rag","trace_id":"d93ea60583243c1420e7b6ebc4c831d6","span_id":"5e348e58f8adb495","message":"http_request","latency_ms":2,"metadata":{"method":"GET","path":"/js/chat-app.js","status":200}}
{"timestamp":"2026-05-25T10:58:53Z","level":"INFO","service":"stock_rag","trace_id":"73d26913e41d072b6a5b5f30ff5bc3b4","span_id":"d4c188c43f88ffe2","message":"http_request","latency_ms":5,"metadata":{"method":"GET","path":"/js/markdown.js","status":200}}
{"timestamp":"2026-05-25T10:58:53Z","level":"INFO","service":"stock_rag","trace_id":"b6efd399008b7cc035a93901bc747893","span_id":"b7edc92e640fd53e","message":"http_request","metadata":{"method":"GET","path":"/.well-known/appspecific/com.chrome.devtools.json","status":404}}
{"timestamp":"2026-05-25T10:58:53Z","level":"INFO","service":"stock_rag","trace_id":"5d10237184f78845bfaa6db3f5e79fe8","span_id":"33b85ec9e8489e82","message":"http_request","metadata":{"method":"GET","path":"/api/auth/me","status":401}}
{"timestamp":"2026-05-25T10:58:53Z","level":"INFO","service":"stock_rag","trace_id":"32918fccf43aca496614d2a183f6609c","span_id":"5e9512ad85eb4a07","message":"http_request","metadata":{"method":"GET","path":"/js/vendor/purify.min.js.map","status":404}}
{"timestamp":"2026-05-25T10:58:53Z","level":"INFO","service":"stock_rag","trace_id":"7c8d7dab7a08d36634cdef90e653e6be","span_id":"116a73659c7b2a2b","message":"http_request","latency_ms":5,"metadata":{"method":"POST","path":"/api/auth/refresh","status":200}}
{"timestamp":"2026-05-25T10:58:53Z","level":"INFO","service":"stock_rag","trace_id":"8667e2ebff5a6f39f540273db93dcc3f","span_id":"1bdb75c154db330e","message":"http_request","latency_ms":1,"metadata":{"method":"GET","path":"/api/auth/me","status":200}}
{"timestamp":"2026-05-25T10:58:53Z","level":"INFO","service":"stock_rag","trace_id":"6438b8342b998c843fd45bfc61b3f0b2","span_id":"34862a88ba407585","message":"http_request","latency_ms":2,"metadata":{"method":"GET","path":"/api/conversations","status":200}}
{"timestamp":"2026-05-25T10:58:53Z","level":"INFO","service":"stock_rag","trace_id":"bca91f9385c85d040c35cbf1d52b8d2f","span_id":"938f89cdd8b817f3","message":"http_request","latency_ms":3,"metadata":{"method":"GET","path":"/api/conversations/messages","status":200}}
{"timestamp":"2026-05-25T10:58:54Z","level":"INFO","service":"stock_rag","trace_id":"bab98b224ff288a50d948a2b30ff051d","span_id":"0306f1ae242f144a","message":"http_request","latency_ms":1,"metadata":{"method":"GET","path":"/","status":304}}
{"timestamp":"2026-05-25T10:58:54Z","level":"INFO","service":"stock_rag","trace_id":"6741e1772522b1e907475002a13dacba","span_id":"30bfb1730e038a05","message":"http_request","metadata":{"method":"GET","path":"/.well-known/appspecific/com.chrome.devtools.json","status":404}}
{"timestamp":"2026-05-25T10:58:54Z","level":"INFO","service":"stock_rag","trace_id":"0a9af64b198c24ce71dc904340d9d22a","span_id":"225910dbb50fc1fd","message":"http_request","latency_ms":1,"metadata":{"method":"GET","path":"/api/auth/me","status":200}}
{"timestamp":"2026-05-25T10:58:54Z","level":"INFO","service":"stock_rag","trace_id":"4e99913e453521c16817d1bd8f8c0eb1","span_id":"3d230dc037e7724c","message":"http_request","metadata":{"method":"GET","path":"/js/vendor/purify.min.js.map","status":404}}
{"timestamp":"2026-05-25T10:58:54Z","level":"INFO","service":"stock_rag","trace_id":"e16b09a08e35173947d7b83311b1efee","span_id":"b6537bebf506a5be","message":"http_request","latency_ms":2,"metadata":{"method":"GET","path":"/api/conversations","status":200}}
{"timestamp":"2026-05-25T10:58:54Z","level":"INFO","service":"stock_rag","trace_id":"5f57b299aaeff3fe3cf678d99003065b","span_id":"365b9842b8d70c77","message":"http_request","latency_ms":2,"metadata":{"method":"GET","path":"/api/conversations/messages","status":200}}
{"timestamp":"2026-05-25T10:58:56Z","level":"INFO","service":"stock_rag","trace_id":"e02295833577bee645443c02a691da9e","span_id":"a644ad1b1875d18b","message":"http_request","metadata":{"method":"GET","path":"/","status":200}}
{"timestamp":"2026-05-25T10:58:56Z","level":"INFO","service":"stock_rag","trace_id":"e9bdcddf040d1f04c709f3b41b2b3d1f","span_id":"524f24f966c2b71f","message":"http_request","latency_ms":1,"metadata":{"method":"GET","path":"/js/markdown.js","status":200}}
{"timestamp":"2026-05-25T10:58:56Z","level":"INFO","service":"stock_rag","trace_id":"6aa61a5ffc115c70070e6635861379df","span_id":"3eb1b49d31ff06a6","message":"http_request","latency_ms":1,"metadata":{"method":"GET","path":"/js/vendor/purify.min.js","status":200}}
{"timestamp":"2026-05-25T10:58:56Z","level":"INFO","service":"stock_rag","trace_id":"6dea3a9d9e61904aad8dd0b37eb431c9","span_id":"ba826b1e37c98723","message":"http_request","latency_ms":1,"metadata":{"method":"GET","path":"/js/chat-app.js","status":200}}
{"timestamp":"2026-05-25T10:58:56Z","level":"INFO","service":"stock_rag","trace_id":"2fd1fed88506996a74017954d5024ac7","span_id":"5f4512f2b681a31f","message":"http_request","latency_ms":1,"metadata":{"method":"GET","path":"/js/vendor/marked.min.js","status":200}}
{"timestamp":"2026-05-25T10:58:56Z","level":"INFO","service":"stock_rag","trace_id":"e18b8e427ff95137b498264b76b33462","span_id":"6e9fb2c25e0c4247","message":"http_request","latency_ms":1,"metadata":{"method":"GET","path":"/js/auth.js","status":200}}
{"timestamp":"2026-05-25T10:58:56Z","level":"INFO","service":"stock_rag","trace_id":"61d151f95ea6374a2766a7343bcdaad4","span_id":"34eacc4353e59609","message":"http_request","latency_ms":1,"metadata":{"method":"GET","path":"/css/app.css","status":200}}
{"timestamp":"2026-05-25T10:58:56Z","level":"INFO","service":"stock_rag","trace_id":"0eb7f78d318fb7aef0987dfa2443b415","span_id":"14a1d9ad62f642e4","message":"http_request","metadata":{"method":"GET","path":"/.well-known/appspecific/com.chrome.devtools.json","status":404}}
{"timestamp":"2026-05-25T10:58:56Z","level":"INFO","service":"stock_rag","trace_id":"0f77a11def5ccc4a8279b35f11c16ce9","span_id":"b991b44a64f03c91","message":"http_request","latency_ms":2,"metadata":{"method":"GET","path":"/api/auth/me","status":200}}
{"timestamp":"2026-05-25T10:58:56Z","level":"INFO","service":"stock_rag","trace_id":"bef2a72a6b7ce496049769294c580493","span_id":"b9a98e66a137fc1f","message":"http_request","latency_ms":2,"metadata":{"method":"GET","path":"/api/conversations","status":200}}
{"timestamp":"2026-05-25T10:58:56Z","level":"INFO","service":"stock_rag","trace_id":"ade70a058f4ee065ebff71b2f0a3c628","span_id":"ff6a19ec412a7407","message":"http_request","metadata":{"method":"GET","path":"/js/vendor/purify.min.js.map","status":404}}
{"timestamp":"2026-05-25T10:58:56Z","level":"INFO","service":"stock_rag","trace_id":"0cfcd931beb3348148e3d73394989473","span_id":"ca17d3e34beea91b","message":"http_request","latency_ms":1,"metadata":{"method":"GET","path":"/api/conversations/messages","status":200}}
{"timestamp":"2026-05-25T10:58:56Z","level":"INFO","service":"stock_rag","trace_id":"8126006414e1933ff939cf666495aed2","span_id":"c5e10d674d80b9d1","message":"http_request","latency_ms":1,"metadata":{"method":"GET","path":"/favicon.ico","status":404}}
{"timestamp":"2026-05-25T10:59:15Z","level":"INFO","service":"stock_rag","trace_id":"649bf86743eddf92ddad27491f04823e","span_id":"71653aa3b2b9bceb","message":"Received chat stream request","metadata":{"conversation_id":"conversation-1779259052023494000","handler":"ChatHandler.ChatStream","message_preview":"所以你不能帮我投资？","mode":"","user_id":"71f3afff-d31c-4415-b90c-1e4d2618efca"}}
{"timestamp":"2026-05-25T10:59:15Z","level":"INFO","service":"stock_rag","trace_id":"649bf86743eddf92ddad27491f04823e","span_id":"88ef71d0d44b873a","message":"Starting chat request","metadata":{"conversation_id":"conversation-1779259052023494000","message_preview":"所以你不能帮我投资？","user_id":"71f3afff-d31c-4415-b90c-1e4d2618efca"}}
{"timestamp":"2026-05-25T10:59:15Z","level":"INFO","service":"stock_rag","trace_id":"649bf86743eddf92ddad27491f04823e","span_id":"88ef71d0d44b873a","message":"Fetching recent messages and conversation context"}
{"timestamp":"2026-05-25T10:59:15Z","level":"INFO","service":"stock_rag","trace_id":"649bf86743eddf92ddad27491f04823e","span_id":"88ef71d0d44b873a","message":"Found recent messages","metadata":{"count":5}}
{"timestamp":"2026-05-25T10:59:15Z","level":"INFO","service":"stock_rag","trace_id":"649bf86743eddf92ddad27491f04823e","span_id":"88ef71d0d44b873a","message":"Last route mode","metadata":{"mode":"chat"}}
{"timestamp":"2026-05-25T10:59:15Z","level":"INFO","service":"stock_rag","trace_id":"649bf86743eddf92ddad27491f04823e","span_id":"88ef71d0d44b873a","message":"Starting route decision"}
{"timestamp":"2026-05-25T10:59:15Z","level":"INFO","service":"stock_rag","trace_id":"649bf86743eddf92ddad27491f04823e","span_id":"88ef71d0d44b873a","message":"Route decision completed","metadata":{"message_id":"msg-1779706755753782000","selected_mode":"chat"}}
{"timestamp":"2026-05-25T10:59:15Z","level":"INFO","service":"stock_rag","trace_id":"649bf86743eddf92ddad27491f04823e","span_id":"88ef71d0d44b873a","message":"Exact cache miss, proceeding with execution"}
{"timestamp":"2026-05-25T10:59:15Z","level":"INFO","service":"stock_rag","trace_id":"649bf86743eddf92ddad27491f04823e","span_id":"88ef71d0d44b873a","message":"User message saved","metadata":{"conversation_id":"conversation-1779259052023494000","message_id":"msg-1779706755753782000"}}
{"timestamp":"2026-05-25T10:59:15Z","level":"INFO","service":"stock_rag","trace_id":"649bf86743eddf92ddad27491f04823e","span_id":"88ef71d0d44b873a","message":"Executing request","metadata":{"conversation_id":"conversation-1779259052023494000","message_id":"msg-1779706755753782000","mode":"chat"}}
{"timestamp":"2026-05-25T10:59:15Z","level":"INFO","service":"stock_rag","trace_id":"649bf86743eddf92ddad27491f04823e","span_id":"1f1f08b64e46d07c","message":"AgentExecutor executing request","metadata":{"conversation_id":"conversation-1779259052023494000","mode":"chat","user_id":"71f3afff-d31c-4415-b90c-1e4d2618efca"}}
{"timestamp":"2026-05-25T10:59:15Z","level":"INFO","service":"stock_rag","trace_id":"649bf86743eddf92ddad27491f04823e","span_id":"1f1f08b64e46d07c","message":"AgentExecutor selected chat executor"}
{"timestamp":"2026-05-25T10:59:15Z","level":"INFO","service":"stock_rag","trace_id":"649bf86743eddf92ddad27491f04823e","span_id":"1f1f08b64e46d07c","message":"AgentExecutor calling executor","metadata":{"executor_name":"chat_executor"}}
{"timestamp":"2026-05-25T10:59:15Z","level":"INFO","service":"stock_rag","trace_id":"649bf86743eddf92ddad27491f04823e","span_id":"dfa650e92595f91d","message":"Eino component started","metadata":{"component":"ChatModel","node_name":"","node_type":"Ark"}}
{"timestamp":"2026-05-25T10:59:39Z","level":"INFO","service":"stock_rag","trace_id":"649bf86743eddf92ddad27491f04823e","span_id":"1f1f08b64e46d07c","message":"AgentExecutor executor completed successfully","metadata":{"executor_name":"chat_executor"}}
{"timestamp":"2026-05-25T10:59:39Z","level":"INFO","service":"stock_rag","trace_id":"649bf86743eddf92ddad27491f04823e","span_id":"88ef71d0d44b873a","message":"Execution completed","metadata":{"content_length":1628,"input_tokens":0,"message_id":"","output_tokens":0}}
{"timestamp":"2026-05-25T10:59:39Z","level":"INFO","service":"stock_rag","message":"ExactCache entry added","metadata":{"cache_key":"所以你不能帮我投资？|chat|||","ttl":"24h0m0s"}}
{"timestamp":"2026-05-25T10:59:39Z","level":"INFO","service":"stock_rag","message":"Exact cache entry added","metadata":{"cache_key":"所以你不能帮我投资？|chat|||"}}
{"timestamp":"2026-05-25T10:59:39Z","level":"INFO","service":"stock_rag","trace_id":"649bf86743eddf92ddad27491f04823e","span_id":"88ef71d0d44b873a","message":"Assistant message saved","metadata":{"conversation_id":"conversation-1779259052023494000","message_id":"msg-1779706779095231000"}}
{"timestamp":"2026-05-25T10:59:39Z","level":"INFO","service":"stock_rag","trace_id":"649bf86743eddf92ddad27491f04823e","span_id":"88ef71d0d44b873a","message":"Chat request completed"}
{"timestamp":"2026-05-25T10:59:39Z","level":"INFO","service":"stock_rag","trace_id":"649bf86743eddf92ddad27491f04823e","span_id":"71653aa3b2b9bceb","message":"Chat stream completed","metadata":{"conversation_id":"conversation-1779259052023494000","handler":"ChatHandler.ChatStream","message_id":"msg-1779706779095231000","mode":"chat"}}
{"timestamp":"2026-05-25T10:59:39Z","level":"INFO","service":"stock_rag","trace_id":"649bf86743eddf92ddad27491f04823e","span_id":"71653aa3b2b9bceb","message":"http_request","latency_ms":23356,"metadata":{"method":"POST","path":"/api/chat/stream","status":200}}
{"timestamp":"2026-05-25T10:59:39Z","level":"INFO","service":"stock_rag","trace_id":"391eb70fba9688fb8d39037da6dbea1d","span_id":"b5972200836abc99","message":"http_request","latency_ms":2,"metadata":{"method":"GET","path":"/api/conversations","status":200}}
{"timestamp":"2026-05-25T11:11:45Z","level":"INFO","service":"stock_rag","message":"structured logging ready","metadata":{"log_file":"logs/app.log"}}
{"timestamp":"2026-05-25T11:11:59Z","level":"INFO","service":"stock_rag","trace_id":"c22a0fc4d49b35f3d29eaf833cae78d3","span_id":"16d9182de8c76242","message":"Received chat stream request","metadata":{"conversation_id":"conversation-1779259052023494000","handler":"ChatHandler.ChatStream","message_preview":"那你有什么价值？","mode":"","user_id":"71f3afff-d31c-4415-b90c-1e4d2618efca"}}
{"timestamp":"2026-05-25T11:11:59Z","level":"INFO","service":"stock_rag","trace_id":"c22a0fc4d49b35f3d29eaf833cae78d3","span_id":"a00494cfbe7ecb22","message":"Starting chat request","metadata":{"conversation_id":"conversation-1779259052023494000","message_preview":"那你有什么价值？","user_id":"71f3afff-d31c-4415-b90c-1e4d2618efca"}}
{"timestamp":"2026-05-25T11:11:59Z","level":"INFO","service":"stock_rag","trace_id":"c22a0fc4d49b35f3d29eaf833cae78d3","span_id":"a00494cfbe7ecb22","message":"Fetching recent messages and conversation context"}
{"timestamp":"2026-05-25T11:11:59Z","level":"INFO","service":"stock_rag","trace_id":"c22a0fc4d49b35f3d29eaf833cae78d3","span_id":"a00494cfbe7ecb22","message":"Found recent messages","metadata":{"count":5}}
{"timestamp":"2026-05-25T11:11:59Z","level":"INFO","service":"stock_rag","trace_id":"c22a0fc4d49b35f3d29eaf833cae78d3","span_id":"a00494cfbe7ecb22","message":"Last route mode","metadata":{"mode":"chat"}}
{"timestamp":"2026-05-25T11:11:59Z","level":"INFO","service":"stock_rag","trace_id":"c22a0fc4d49b35f3d29eaf833cae78d3","span_id":"a00494cfbe7ecb22","message":"Starting route decision"}
{"timestamp":"2026-05-25T11:11:59Z","level":"INFO","service":"stock_rag","trace_id":"c22a0fc4d49b35f3d29eaf833cae78d3","span_id":"a00494cfbe7ecb22","message":"Route decision completed","metadata":{"message_id":"msg-1779707519076894000","selected_mode":"chat"}}
{"timestamp":"2026-05-25T11:11:59Z","level":"INFO","service":"stock_rag","trace_id":"c22a0fc4d49b35f3d29eaf833cae78d3","span_id":"a00494cfbe7ecb22","message":"Exact cache miss, proceeding with execution"}
{"timestamp":"2026-05-25T11:11:59Z","level":"INFO","service":"stock_rag","trace_id":"c22a0fc4d49b35f3d29eaf833cae78d3","span_id":"a00494cfbe7ecb22","message":"User message saved","metadata":{"conversation_id":"conversation-1779259052023494000","message_id":"msg-1779707519076894000"}}
{"timestamp":"2026-05-25T11:11:59Z","level":"INFO","service":"stock_rag","trace_id":"c22a0fc4d49b35f3d29eaf833cae78d3","span_id":"a00494cfbe7ecb22","message":"Executing request","metadata":{"conversation_id":"conversation-1779259052023494000","message_id":"msg-1779707519076894000","mode":"chat"}}
{"timestamp":"2026-05-25T11:11:59Z","level":"INFO","service":"stock_rag","trace_id":"c22a0fc4d49b35f3d29eaf833cae78d3","span_id":"4e9e0f067ef6246c","message":"AgentExecutor executing request","metadata":{"conversation_id":"conversation-1779259052023494000","mode":"chat","user_id":"71f3afff-d31c-4415-b90c-1e4d2618efca"}}
{"timestamp":"2026-05-25T11:11:59Z","level":"INFO","service":"stock_rag","trace_id":"c22a0fc4d49b35f3d29eaf833cae78d3","span_id":"4e9e0f067ef6246c","message":"AgentExecutor selected chat executor"}
{"timestamp":"2026-05-25T11:11:59Z","level":"INFO","service":"stock_rag","trace_id":"c22a0fc4d49b35f3d29eaf833cae78d3","span_id":"4e9e0f067ef6246c","message":"AgentExecutor calling executor","metadata":{"executor_name":"chat_executor"}}
{"timestamp":"2026-05-25T11:11:59Z","level":"INFO","service":"stock_rag","trace_id":"c22a0fc4d49b35f3d29eaf833cae78d3","span_id":"2c8dfe8c313a4bf2","message":"Eino component started","metadata":{"component":"ChatModel","node_name":"","node_type":"Ark"}}
{"timestamp":"2026-05-25T11:12:26Z","level":"INFO","service":"stock_rag","trace_id":"c22a0fc4d49b35f3d29eaf833cae78d3","span_id":"4e9e0f067ef6246c","message":"AgentExecutor executor completed successfully","metadata":{"executor_name":"chat_executor"}}
{"timestamp":"2026-05-25T11:12:26Z","level":"INFO","service":"stock_rag","trace_id":"c22a0fc4d49b35f3d29eaf833cae78d3","span_id":"a00494cfbe7ecb22","message":"Execution completed","metadata":{"content_length":1788,"input_tokens":0,"message_id":"","output_tokens":0}}
{"timestamp":"2026-05-25T11:12:26Z","level":"INFO","service":"stock_rag","message":"ExactCache entry added","metadata":{"cache_key":"那你有什么价值？|chat|||","ttl":"24h0m0s"}}
{"timestamp":"2026-05-25T11:12:26Z","level":"INFO","service":"stock_rag","message":"Exact cache entry added","metadata":{"cache_key":"那你有什么价值？|chat|||"}}
{"timestamp":"2026-05-25T11:12:26Z","level":"INFO","service":"stock_rag","trace_id":"c22a0fc4d49b35f3d29eaf833cae78d3","span_id":"a00494cfbe7ecb22","message":"Assistant message saved","metadata":{"conversation_id":"conversation-1779259052023494000","message_id":"msg-1779707546577383000"}}
{"timestamp":"2026-05-25T11:12:26Z","level":"INFO","service":"stock_rag","trace_id":"c22a0fc4d49b35f3d29eaf833cae78d3","span_id":"a00494cfbe7ecb22","message":"Chat request completed"}
{"timestamp":"2026-05-25T11:12:26Z","level":"INFO","service":"stock_rag","trace_id":"c22a0fc4d49b35f3d29eaf833cae78d3","span_id":"16d9182de8c76242","message":"Chat stream completed","metadata":{"conversation_id":"conversation-1779259052023494000","handler":"ChatHandler.ChatStream","message_id":"msg-1779707546577383000","mode":"chat"}}
{"timestamp":"2026-05-25T11:12:26Z","level":"INFO","service":"stock_rag","trace_id":"c22a0fc4d49b35f3d29eaf833cae78d3","span_id":"16d9182de8c76242","message":"http_request","latency_ms":27520,"metadata":{"method":"POST","path":"/api/chat/stream","status":200}}
{"timestamp":"2026-05-25T11:12:26Z","level":"INFO","service":"stock_rag","trace_id":"f6a6e8240538fe54a6493980cab8e23d","span_id":"1b1968c953d5c86e","message":"http_request","latency_ms":3,"metadata":{"method":"GET","path":"/api/conversations","status":200}}
{"timestamp":"2026-05-25T12:21:23Z","level":"INFO","service":"stock_rag","message":"structured logging ready","metadata":{"log_file":"logs/app.log"}}
{"timestamp":"2026-05-25T12:22:39Z","level":"INFO","service":"stock_rag","trace_id":"6c1cc7fccc3afdd1f64e2afbcd2141e6","span_id":"b909307a5b74159f","message":"http_request","latency_ms":2,"metadata":{"method":"POST","path":"/api/chat/stream","status":401}}
{"timestamp":"2026-05-25T12:22:39Z","level":"INFO","service":"stock_rag","trace_id":"b42e538625800d7aa047630c799789da","span_id":"44e2fdb750c8e174","message":"http_request","latency_ms":6,"metadata":{"method":"POST","path":"/api/auth/refresh","status":200}}
{"timestamp":"2026-05-25T12:22:39Z","level":"INFO","service":"stock_rag","trace_id":"fd56ed66721328f714ae45c617c8da93","span_id":"c64351472a21ff6b","message":"Received chat stream request","metadata":{"conversation_id":"conversation-1779259052023494000","handler":"ChatHandler.ChatStream","message_preview":"茅台2024年营收是多少？","mode":"","user_id":"71f3afff-d31c-4415-b90c-1e4d2618efca"}}
{"timestamp":"2026-05-25T12:22:39Z","level":"INFO","service":"stock_rag","trace_id":"fd56ed66721328f714ae45c617c8da93","span_id":"4df8b0fa9494c4ad","message":"Starting chat request","metadata":{"conversation_id":"conversation-1779259052023494000","message_preview":"茅台2024年营收是多少？","user_id":"71f3afff-d31c-4415-b90c-1e4d2618efca"}}
{"timestamp":"2026-05-25T12:22:39Z","level":"INFO","service":"stock_rag","trace_id":"fd56ed66721328f714ae45c617c8da93","span_id":"4df8b0fa9494c4ad","message":"Fetching recent messages and conversation context"}
{"timestamp":"2026-05-25T12:22:39Z","level":"INFO","service":"stock_rag","trace_id":"fd56ed66721328f714ae45c617c8da93","span_id":"4df8b0fa9494c4ad","message":"Found recent messages","metadata":{"count":5}}
{"timestamp":"2026-05-25T12:22:39Z","level":"INFO","service":"stock_rag","trace_id":"fd56ed66721328f714ae45c617c8da93","span_id":"4df8b0fa9494c4ad","message":"Last route mode","metadata":{"mode":"chat"}}
{"timestamp":"2026-05-25T12:22:39Z","level":"INFO","service":"stock_rag","trace_id":"fd56ed66721328f714ae45c617c8da93","span_id":"4df8b0fa9494c4ad","message":"Starting route decision"}
{"timestamp":"2026-05-25T12:22:39Z","level":"INFO","service":"stock_rag","trace_id":"fd56ed66721328f714ae45c617c8da93","span_id":"4df8b0fa9494c4ad","message":"Route decision completed","metadata":{"message_id":"msg-1779711759173914000","selected_mode":"rag"}}
{"timestamp":"2026-05-25T12:22:39Z","level":"INFO","service":"stock_rag","trace_id":"fd56ed66721328f714ae45c617c8da93","span_id":"4df8b0fa9494c4ad","message":"Exact cache miss, proceeding with execution"}
{"timestamp":"2026-05-25T12:22:39Z","level":"INFO","service":"stock_rag","trace_id":"fd56ed66721328f714ae45c617c8da93","span_id":"4df8b0fa9494c4ad","message":"User message saved","metadata":{"conversation_id":"conversation-1779259052023494000","message_id":"msg-1779711759173914000"}}
{"timestamp":"2026-05-25T12:22:39Z","level":"INFO","service":"stock_rag","trace_id":"fd56ed66721328f714ae45c617c8da93","span_id":"4df8b0fa9494c4ad","message":"Executing request","metadata":{"conversation_id":"conversation-1779259052023494000","message_id":"msg-1779711759173914000","mode":"rag"}}
{"timestamp":"2026-05-25T12:22:39Z","level":"INFO","service":"stock_rag","trace_id":"fd56ed66721328f714ae45c617c8da93","span_id":"5773cc3c6a9d7ab0","message":"AgentExecutor executing request","metadata":{"conversation_id":"conversation-1779259052023494000","mode":"rag","user_id":"71f3afff-d31c-4415-b90c-1e4d2618efca"}}
{"timestamp":"2026-05-25T12:22:39Z","level":"INFO","service":"stock_rag","trace_id":"fd56ed66721328f714ae45c617c8da93","span_id":"5773cc3c6a9d7ab0","message":"AgentExecutor selected RAG executor"}
{"timestamp":"2026-05-25T12:22:39Z","level":"INFO","service":"stock_rag","trace_id":"fd56ed66721328f714ae45c617c8da93","span_id":"5773cc3c6a9d7ab0","message":"AgentExecutor calling executor","metadata":{"executor_name":"rag_executor"}}
{"timestamp":"2026-05-25T12:22:39Z","level":"DEBUG","service":"stock_rag","trace_id":"fd56ed66721328f714ae45c617c8da93","span_id":"5773cc3c6a9d7ab0","message":"RedisSemanticCache.Get called","metadata":{"query":"茅台2024年营收是多少？"}}
{"timestamp":"2026-05-25T12:22:39Z","level":"WARN","service":"stock_rag","trace_id":"fd56ed66721328f714ae45c617c8da93","span_id":"5773cc3c6a9d7ab0","message":"RedisSemanticCache embed query failed"}
{"timestamp":"2026-05-25T12:22:39Z","level":"INFO","service":"stock_rag","trace_id":"fd56ed66721328f714ae45c617c8da93","span_id":"2b629041a5ae2dc0","message":"Eino component started","metadata":{"component":"Chain","node_name":"","node_type":""}}
{"timestamp":"2026-05-25T12:22:39Z","level":"INFO","service":"stock_rag","trace_id":"fd56ed66721328f714ae45c617c8da93","span_id":"84769acd544657c0","message":"Eino component started","metadata":{"component":"Lambda","node_name":"","node_type":""}}
{"timestamp":"2026-05-25T12:22:39Z","level":"INFO","service":"stock_rag","trace_id":"fd56ed66721328f714ae45c617c8da93","span_id":"84769acd544657c0","message":"Eino component completed","metadata":{"component":"Lambda","node_name":""}}
{"timestamp":"2026-05-25T12:22:39Z","level":"INFO","service":"stock_rag","trace_id":"fd56ed66721328f714ae45c617c8da93","span_id":"6d883f812c741d76","message":"Eino component started","metadata":{"component":"Lambda","node_name":"","node_type":""}}
{"timestamp":"2026-05-25T12:22:39Z","level":"INFO","service":"stock_rag","trace_id":"fd56ed66721328f714ae45c617c8da93","span_id":"6d883f812c741d76","message":"Eino component completed","metadata":{"component":"Lambda","node_name":""}}
{"timestamp":"2026-05-25T12:22:39Z","level":"INFO","service":"stock_rag","trace_id":"fd56ed66721328f714ae45c617c8da93","span_id":"25e48033e0c5c74a","message":"Eino component started","metadata":{"component":"Lambda","node_name":"","node_type":""}}
{"timestamp":"2026-05-25T12:22:39Z","level":"INFO","service":"stock_rag","trace_id":"fd56ed66721328f714ae45c617c8da93","span_id":"d8afb9ff5bd3eb93","message":"Eino component started","metadata":{"component":"ChatTemplate","node_name":"","node_type":"Default"}}
{"timestamp":"2026-05-25T12:22:39Z","level":"INFO","service":"stock_rag","trace_id":"fd56ed66721328f714ae45c617c8da93","span_id":"d8afb9ff5bd3eb93","message":"Eino component completed","metadata":{"component":"ChatTemplate","node_name":""}}
{"timestamp":"2026-05-25T12:22:39Z","level":"INFO","service":"stock_rag","trace_id":"fd56ed66721328f714ae45c617c8da93","span_id":"25e48033e0c5c74a","message":"Eino component completed","metadata":{"component":"Lambda","node_name":""}}
{"timestamp":"2026-05-25T12:22:39Z","level":"INFO","service":"stock_rag","trace_id":"fd56ed66721328f714ae45c617c8da93","span_id":"4c50f56d3a5c4772","message":"Eino component started","metadata":{"component":"Lambda","node_name":"","node_type":""}}
{"timestamp":"2026-05-25T12:22:39Z","level":"INFO","service":"stock_rag","trace_id":"fd56ed66721328f714ae45c617c8da93","span_id":"2a1a3b9c5f151ee9","message":"Eino component started","metadata":{"component":"ChatModel","node_name":"","node_type":"Ark"}}
{"timestamp":"2026-05-25T12:22:45Z","level":"INFO","service":"stock_rag","trace_id":"fd56ed66721328f714ae45c617c8da93","span_id":"2a1a3b9c5f151ee9","message":"Eino component completed","metadata":{"component":"ChatModel","node_name":""}}
{"timestamp":"2026-05-25T12:22:45Z","level":"INFO","service":"stock_rag","trace_id":"fd56ed66721328f714ae45c617c8da93","span_id":"4c50f56d3a5c4772","message":"Eino component completed","metadata":{"component":"Lambda","node_name":""}}
{"timestamp":"2026-05-25T12:22:45Z","level":"INFO","service":"stock_rag","trace_id":"fd56ed66721328f714ae45c617c8da93","span_id":"cc4579db979abe66","message":"Eino component started","metadata":{"component":"Lambda","node_name":"","node_type":""}}
{"timestamp":"2026-05-25T12:22:45Z","level":"INFO","service":"stock_rag","trace_id":"fd56ed66721328f714ae45c617c8da93","span_id":"cc4579db979abe66","message":"Eino component completed","metadata":{"component":"Lambda","node_name":""}}
{"timestamp":"2026-05-25T12:22:45Z","level":"INFO","service":"stock_rag","trace_id":"fd56ed66721328f714ae45c617c8da93","span_id":"08b5f7160a1e0310","message":"Eino component started","metadata":{"component":"Lambda","node_name":"","node_type":""}}
{"timestamp":"2026-05-25T12:22:45Z","level":"INFO","service":"stock_rag","trace_id":"fd56ed66721328f714ae45c617c8da93","span_id":"08b5f7160a1e0310","message":"Eino component completed","metadata":{"component":"Lambda","node_name":""}}
{"timestamp":"2026-05-25T12:22:45Z","level":"INFO","service":"stock_rag","trace_id":"fd56ed66721328f714ae45c617c8da93","span_id":"2b629041a5ae2dc0","message":"Eino component completed","metadata":{"component":"Chain","node_name":""}}
{"timestamp":"2026-05-25T12:22:45Z","level":"DEBUG","service":"stock_rag","trace_id":"fd56ed66721328f714ae45c617c8da93","span_id":"5773cc3c6a9d7ab0","message":"RedisSemanticCache.Set called","metadata":{"query":"茅台2024年营收是多少？"}}
{"timestamp":"2026-05-25T12:22:45Z","level":"WARN","service":"stock_rag","trace_id":"fd56ed66721328f714ae45c617c8da93","span_id":"5773cc3c6a9d7ab0","message":"RedisSemanticCache embed query failed"}
{"timestamp":"2026-05-25T12:22:45Z","level":"INFO","service":"stock_rag","trace_id":"fd56ed66721328f714ae45c617c8da93","span_id":"5773cc3c6a9d7ab0","message":"AgentExecutor executor completed successfully","metadata":{"executor_name":"rag_executor"}}
{"timestamp":"2026-05-25T12:22:45Z","level":"INFO","service":"stock_rag","trace_id":"fd56ed66721328f714ae45c617c8da93","span_id":"4df8b0fa9494c4ad","message":"Execution completed","metadata":{"content_length":54,"input_tokens":0,"message_id":"","output_tokens":0}}
{"timestamp":"2026-05-25T12:22:45Z","level":"INFO","service":"stock_rag","message":"ExactCache entry added","metadata":{"cache_key":"茅台2024年营收是多少？|rag|||","ttl":"24h0m0s"}}
{"timestamp":"2026-05-25T12:22:45Z","level":"INFO","service":"stock_rag","message":"Exact cache entry added","metadata":{"cache_key":"茅台2024年营收是多少？|rag|||"}}
{"timestamp":"2026-05-25T12:22:45Z","level":"INFO","service":"stock_rag","trace_id":"fd56ed66721328f714ae45c617c8da93","span_id":"4df8b0fa9494c4ad","message":"Assistant message saved","metadata":{"conversation_id":"conversation-1779259052023494000","message_id":"msg-1779711765296525000"}}
{"timestamp":"2026-05-25T12:22:45Z","level":"INFO","service":"stock_rag","trace_id":"fd56ed66721328f714ae45c617c8da93","span_id":"4df8b0fa9494c4ad","message":"Chat request completed"}
{"timestamp":"2026-05-25T12:22:45Z","level":"INFO","service":"stock_rag","trace_id":"fd56ed66721328f714ae45c617c8da93","span_id":"c64351472a21ff6b","message":"Chat stream completed","metadata":{"conversation_id":"conversation-1779259052023494000","handler":"ChatHandler.ChatStream","message_id":"msg-1779711765296525000","mode":"rag"}}
{"timestamp":"2026-05-25T12:22:45Z","level":"INFO","service":"stock_rag","trace_id":"fd56ed66721328f714ae45c617c8da93","span_id":"c64351472a21ff6b","message":"http_request","latency_ms":6128,"metadata":{"method":"POST","path":"/api/chat/stream","status":200}}
{"timestamp":"2026-05-25T12:22:45Z","level":"INFO","service":"stock_rag","trace_id":"2ad745187ce67ca231855af0839fb7ed","span_id":"5e15164b83ca8e85","message":"http_request","latency_ms":2,"metadata":{"method":"GET","path":"/api/conversations","status":200}}
{"timestamp":"2026-05-25T12:22:51Z","level":"INFO","service":"stock_rag","trace_id":"966e31b5add0d19eb2e7b50c7508e1b5","span_id":"2173432a8a6d487b","message":"http_request","latency_ms":3,"metadata":{"method":"GET","path":"/","status":200}}
{"timestamp":"2026-05-25T12:22:51Z","level":"INFO","service":"stock_rag","trace_id":"f30fc3169e7f29b2181a0e248e143b4a","span_id":"4a24214356e05ee6","message":"http_request","latency_ms":2,"metadata":{"method":"GET","path":"/css/app.css","status":200}}
{"timestamp":"2026-05-25T12:22:51Z","level":"INFO","service":"stock_rag","trace_id":"975a32a7c4326936b96dd168e5ee8768","span_id":"d8ab99162e4e7854","message":"http_request","latency_ms":4,"metadata":{"method":"GET","path":"/js/markdown.js","status":200}}
{"timestamp":"2026-05-25T12:22:51Z","level":"INFO","service":"stock_rag","trace_id":"f491d9bcbe56a36546dfc7b959ebaeda","span_id":"b235caea126cebb7","message":"http_request","latency_ms":4,"metadata":{"method":"GET","path":"/js/vendor/purify.min.js","status":200}}
{"timestamp":"2026-05-25T12:22:51Z","level":"INFO","service":"stock_rag","trace_id":"1aa2d0f54ee1e31d7791e59497ba6263","span_id":"85edcd55cb10f75d","message":"http_request","latency_ms":3,"metadata":{"method":"GET","path":"/js/chat-app.js","status":200}}
{"timestamp":"2026-05-25T12:22:51Z","level":"INFO","service":"stock_rag","trace_id":"809b8fbd240d4affcd713a3d3cec28a1","span_id":"8f801cfd3e14a2f5","message":"http_request","latency_ms":4,"metadata":{"method":"GET","path":"/js/vendor/marked.min.js","status":200}}
{"timestamp":"2026-05-25T12:22:51Z","level":"INFO","service":"stock_rag","trace_id":"49bac060ab5b486b4598513e932cdfea","span_id":"776d66feeca0d3c3","message":"http_request","latency_ms":2,"metadata":{"method":"GET","path":"/.well-known/appspecific/com.chrome.devtools.json","status":404}}
{"timestamp":"2026-05-25T12:22:51Z","level":"INFO","service":"stock_rag","trace_id":"34a90c10fa25c81f56bd075fea2e7c0d","span_id":"d63e086af7c6ea13","message":"http_request","latency_ms":6,"metadata":{"method":"GET","path":"/js/auth.js","status":200}}
{"timestamp":"2026-05-25T12:22:52Z","level":"INFO","service":"stock_rag","trace_id":"2ac0c2babb95931cbb64c3bda4b62b6f","span_id":"209fd0a52e3b0af1","message":"http_request","latency_ms":1,"metadata":{"method":"GET","path":"/js/vendor/purify.min.js.map","status":404}}
{"timestamp":"2026-05-25T12:22:52Z","level":"INFO","service":"stock_rag","trace_id":"b11e6ca97fb1bf4ea658c2ac2b783c59","span_id":"b4c5a1dc04dd0383","message":"http_request","latency_ms":2,"metadata":{"method":"GET","path":"/api/auth/me","status":200}}
{"timestamp":"2026-05-25T12:22:52Z","level":"INFO","service":"stock_rag","trace_id":"f3e2e113dd25bb33b9f6aff48b13fdef","span_id":"bfb19b0be68468cb","message":"http_request","latency_ms":1,"metadata":{"method":"GET","path":"/api/conversations","status":200}}
{"timestamp":"2026-05-25T12:22:52Z","level":"INFO","service":"stock_rag","trace_id":"3ddd388f8ed85e75ecfa8b5ae5d05866","span_id":"0e8fa15dd44041da","message":"http_request","latency_ms":6,"metadata":{"method":"GET","path":"/api/conversations/messages","status":200}}
{"timestamp":"2026-05-25T12:22:55Z","level":"INFO","service":"stock_rag","trace_id":"b9855502a6a8dbbf480aa6d9ed54f9bf","span_id":"c6ed0746ed6a9b40","message":"http_request","latency_ms":1,"metadata":{"method":"GET","path":"/favicon.ico","status":404}}
{"timestamp":"2026-06-04T09:52:36Z","level":"INFO","service":"stock_rag","message":"structured logging ready","metadata":{"log_file":"logs/app.log"}}
{"timestamp":"2026-06-04T09:53:38Z","level":"INFO","service":"stock_rag","message":"structured logging ready","metadata":{"log_file":"logs/app.log"}}
{"timestamp":"2026-06-04T09:53:59Z","level":"INFO","service":"stock_rag","trace_id":"6373780ad45048b339129626c85bebce","span_id":"16b15b97ba55e998","message":"http_request","latency_ms":4,"metadata":{"method":"GET","path":"/","status":200}}
{"timestamp":"2026-06-04T09:53:59Z","level":"INFO","service":"stock_rag","trace_id":"8fa39a1b9691664a4d3f18bcf878185c","span_id":"d29f0181cd6d9349","message":"http_request","latency_ms":2,"metadata":{"method":"GET","path":"/css/app.css","status":200}}
{"timestamp":"2026-06-04T09:53:59Z","level":"INFO","service":"stock_rag","trace_id":"efe6dba3849779dc817877eee81f07c0","span_id":"7f9554d3debc0d6c","message":"http_request","latency_ms":3,"metadata":{"method":"GET","path":"/js/markdown.js","status":304}}
{"timestamp":"2026-06-04T09:53:59Z","level":"INFO","service":"stock_rag","trace_id":"f742189fa929a8cffcfbafb1eb52b7a3","span_id":"2a363c3e0511097a","message":"http_request","latency_ms":3,"metadata":{"method":"GET","path":"/js/auth.js","status":304}}
{"timestamp":"2026-06-04T09:53:59Z","level":"INFO","service":"stock_rag","trace_id":"e1f658f8a4bf018de984a4b14386b82c","span_id":"cfaf4bc96b9e86db","message":"http_request","latency_ms":3,"metadata":{"method":"GET","path":"/js/vendor/marked.min.js","status":304}}
{"timestamp":"2026-06-04T09:53:59Z","level":"INFO","service":"stock_rag","trace_id":"25d9471449b218e8238a716a50444ed4","span_id":"8b804d74e60c0223","message":"http_request","latency_ms":3,"metadata":{"method":"GET","path":"/js/vendor/purify.min.js","status":304}}
{"timestamp":"2026-06-04T09:53:59Z","level":"INFO","service":"stock_rag","trace_id":"f04fe7cb1c1b28f6d02da561d6417ed6","span_id":"84080a39725cb7dc","message":"http_request","latency_ms":3,"metadata":{"method":"GET","path":"/js/chat-app.js","status":200}}
{"timestamp":"2026-06-04T09:53:59Z","level":"INFO","service":"stock_rag","trace_id":"2b7e0502f3d5d843fcda7cc89942c6b5","span_id":"670d29ead1ab9b91","message":"http_request","latency_ms":1,"metadata":{"method":"GET","path":"/api/auth/me","status":401}}
{"timestamp":"2026-06-04T09:53:59Z","level":"INFO","service":"stock_rag","trace_id":"170c2c837060c7af17e732f0c6b18dc9","span_id":"f7ee72b12225b227","message":"http_request","metadata":{"method":"GET","path":"/favicon.ico","status":404}}
{"timestamp":"2026-06-04T09:53:59Z","level":"INFO","service":"stock_rag","trace_id":"7223f0d77a04294cb86d994d6783fdde","span_id":"a0f6bdef7f7cb86d","message":"audit event","error":"invalid refresh token","metadata":{"action":"auth.refresh","audit":true,"method":"POST","path":"/api/auth/refresh","remote_addr":"[::1]:51089","result":"failure"}}
{"timestamp":"2026-06-04T09:53:59Z","level":"INFO","service":"stock_rag","trace_id":"7223f0d77a04294cb86d994d6783fdde","span_id":"a0f6bdef7f7cb86d","message":"http_request","latency_ms":1,"metadata":{"method":"POST","path":"/api/auth/refresh","status":401}}
{"timestamp":"2026-06-04T09:53:59Z","level":"INFO","service":"stock_rag","trace_id":"dad37ed9ad0a81dcefaf75a274d5bd40","span_id":"12ccc33d1b494601","message":"http_request","metadata":{"method":"GET","path":"/login.html","status":200}}
{"timestamp":"2026-06-04T09:53:59Z","level":"INFO","service":"stock_rag","trace_id":"6dfbb6535e34b0b140fd27c4be87a43c","span_id":"49972695c82649f0","message":"http_request","metadata":{"method":"GET","path":"/css/app.css","status":200}}
{"timestamp":"2026-06-04T09:54:07Z","level":"INFO","service":"stock_rag","trace_id":"5798d7a199d20e38433712d18216db7d","span_id":"c6df00ba3e0a67c8","message":"audit event","metadata":{"action":"auth.login","audit":true,"method":"POST","path":"/api/auth/login","remote_addr":"[::1]:51089","result":"success","user_id":"71f3afff-d31c-4415-b90c-1e4d2618efca","username":"caojiangjiang"}}
{"timestamp":"2026-06-04T09:54:07Z","level":"INFO","service":"stock_rag","trace_id":"5798d7a199d20e38433712d18216db7d","span_id":"c6df00ba3e0a67c8","message":"http_request","latency_ms":87,"metadata":{"method":"POST","path":"/api/auth/login","status":200}}
{"timestamp":"2026-06-04T09:54:07Z","level":"INFO","service":"stock_rag","trace_id":"3c25ded1d844604126ea06d26d07d02a","span_id":"57fcb440c33ff346","message":"http_request","latency_ms":3,"metadata":{"method":"GET","path":"/api/auth/me","status":200}}
{"timestamp":"2026-06-04T09:54:07Z","level":"INFO","service":"stock_rag","trace_id":"a3ba2ce787667b0333267962085a9e37","span_id":"6d5e52fa9dc6814d","message":"http_request","latency_ms":5,"metadata":{"method":"GET","path":"/api/conversations","status":200}}
{"timestamp":"2026-06-04T09:54:07Z","level":"INFO","service":"stock_rag","trace_id":"1c089e4155d6714452810d488a8de55f","span_id":"f8dff6ea7e83eb25","message":"http_request","latency_ms":8,"metadata":{"method":"GET","path":"/api/conversations/messages","status":200}}
{"timestamp":"2026-06-04T09:54:19Z","level":"INFO","service":"stock_rag","trace_id":"44d05aab01733fe2bce134a0a2b6fc01","span_id":"8ff15a7ac645c27f","message":"http_request","latency_ms":2,"metadata":{"method":"GET","path":"/personas.html","status":200}}
{"timestamp":"2026-06-04T09:54:19Z","level":"INFO","service":"stock_rag","trace_id":"a7f105bc0825aeaba4ccce5f072d7beb","span_id":"72dacb3f97095604","message":"http_request","latency_ms":1,"metadata":{"method":"GET","path":"/js/persona-api.js","status":200}}
{"timestamp":"2026-06-04T09:54:19Z","level":"INFO","service":"stock_rag","trace_id":"a36761bc071c47dd35714f02cd5faed5","span_id":"6ce2c982bbde0ef6","message":"http_request","latency_ms":2,"metadata":{"method":"GET","path":"/css/persona.css","status":200}}
{"timestamp":"2026-06-04T09:54:19Z","level":"INFO","service":"stock_rag","trace_id":"b623f95153fd5c9e9ab4c462cb668f10","span_id":"b5463f276610a460","message":"http_request","latency_ms":3,"metadata":{"method":"GET","path":"/api/auth/me","status":200}}
{"timestamp":"2026-06-04T09:54:19Z","level":"INFO","service":"stock_rag","trace_id":"c71dc227b5270032262cf1682c1523ff","span_id":"75d3c5c17089e4e7","message":"http_request","metadata":{"method":"GET","path":"/api/personas","status":404}}
{"timestamp":"2026-06-04T09:54:40Z","level":"INFO","service":"stock_rag","trace_id":"166a1a1c0020d6dc2cf283f5cc6c8bd1","span_id":"09940f04a69e5e58","message":"http_request","metadata":{"method":"GET","path":"/.well-known/appspecific/com.chrome.devtools.json","status":404}}
{"timestamp":"2026-06-04T09:54:43Z","level":"INFO","service":"stock_rag","trace_id":"b2e5d66fecd12c254458b94da31611c0","span_id":"22576b265bc4b334","message":"http_request","latency_ms":1,"metadata":{"method":"GET","path":"/js/vendor/purify.min.js.map","status":404}}
{"timestamp":"2026-06-04T09:54:43Z","level":"INFO","service":"stock_rag","trace_id":"f01744c34b8b38676d5071b86b6c1b51","span_id":"b0f6ee1360696ec1","message":"http_request","latency_ms":2,"metadata":{"method":"GET","path":"/.well-known/appspecific/com.chrome.devtools.json","status":404}}
{"timestamp":"2026-06-04T09:54:43Z","level":"INFO","service":"stock_rag","trace_id":"5a64bcad6153b729f334f2f2c13dded2","span_id":"34a9cb5a3ba89e8d","message":"http_request","latency_ms":1,"metadata":{"method":"GET","path":"/.well-known/appspecific/com.chrome.devtools.json","status":404}}
{"timestamp":"2026-06-04T09:54:43Z","level":"INFO","service":"stock_rag","trace_id":"fe9bd4244cbf405a73083ebfbbdda13d","span_id":"842199b78acd1ad2","message":"http_request","metadata":{"method":"GET","path":"/.well-known/appspecific/com.chrome.devtools.json","status":404}}
{"timestamp":"2026-06-04T09:54:47Z","level":"INFO","service":"stock_rag","trace_id":"acdee460d550e63a31e21e1bc0abe7d8","span_id":"9d18ee5640eb8d8c","message":"http_request","metadata":{"method":"GET","path":"/.well-known/appspecific/com.chrome.devtools.json","status":404}}
{"timestamp":"2026-06-04T09:54:47Z","level":"INFO","service":"stock_rag","trace_id":"a4929c43c5596b845b7c0bb836205221","span_id":"8914db742c551e3f","message":"http_request","latency_ms":7,"metadata":{"method":"GET","path":"/api/auth/me","status":200}}
{"timestamp":"2026-06-04T09:54:47Z","level":"INFO","service":"stock_rag","trace_id":"55f9ec9e6951651a4eca060a72908ed8","span_id":"e79798f6170c6c23","message":"http_request","metadata":{"method":"GET","path":"/api/personas","status":404}}
{"timestamp":"2026-06-04T10:12:13Z","level":"INFO","service":"stock_rag","message":"structured logging ready","metadata":{"log_file":"logs/app.log"}}
{"timestamp":"2026-06-04T10:12:17Z","level":"INFO","service":"stock_rag","trace_id":"795f8f496d656f8fc35ca9772505e9ad","span_id":"f61cd77767863427","message":"http_request","latency_ms":1,"metadata":{"method":"GET","path":"/personas.html","status":304}}
{"timestamp":"2026-06-04T10:12:17Z","level":"INFO","service":"stock_rag","trace_id":"8b240fd0b264c90fa6187367e7b67356","span_id":"250101781b66a496","message":"http_request","metadata":{"method":"GET","path":"/.well-known/appspecific/com.chrome.devtools.json","status":404}}
{"timestamp":"2026-06-04T10:12:17Z","level":"INFO","service":"stock_rag","trace_id":"711c51d7febcb01efbac88f64ad8c131","span_id":"170d66cac55ac9cd","message":"http_request","latency_ms":1,"metadata":{"method":"GET","path":"/api/auth/me","status":401}}
{"timestamp":"2026-06-04T10:12:17Z","level":"INFO","service":"stock_rag","trace_id":"fbc0dbc5bbdb373bc7277cd23ae802b3","span_id":"ccb3dd67b0278ac8","message":"audit event","metadata":{"action":"auth.refresh","audit":true,"method":"POST","path":"/api/auth/refresh","remote_addr":"[::1]:56865","result":"success"}}
{"timestamp":"2026-06-04T10:12:17Z","level":"INFO","service":"stock_rag","trace_id":"fbc0dbc5bbdb373bc7277cd23ae802b3","span_id":"ccb3dd67b0278ac8","message":"http_request","latency_ms":7,"metadata":{"method":"POST","path":"/api/auth/refresh","status":200}}
{"timestamp":"2026-06-04T10:12:17Z","level":"INFO","service":"stock_rag","trace_id":"ff5257d51dfefd4a28a1bd4b6b17e28f","span_id":"332aaa6b0863d938","message":"http_request","latency_ms":1,"metadata":{"method":"GET","path":"/api/auth/me","status":200}}
{"timestamp":"2026-06-04T10:12:17Z","level":"INFO","service":"stock_rag","trace_id":"ce248665d0c1063537bb505cdc4c1e72","span_id":"918e2627530cb5ed","message":"http_request","metadata":{"method":"GET","path":"/api/personas","status":200}}
{"timestamp":"2026-06-04T10:12:28Z","level":"INFO","service":"stock_rag","trace_id":"cfa9e3e53da0c8cd12253f1ebe734bd6","span_id":"c77380c58ab5d0b2","message":"http_request","latency_ms":1,"metadata":{"method":"GET","path":"/personas.html","status":304}}
{"timestamp":"2026-06-04T10:12:28Z","level":"INFO","service":"stock_rag","trace_id":"d63a79aa430434c005d71abab7d0ab49","span_id":"9415f9badaadf5c9","message":"http_request","metadata":{"method":"GET","path":"/.well-known/appspecific/com.chrome.devtools.json","status":404}}
{"timestamp":"2026-06-04T10:12:28Z","level":"INFO","service":"stock_rag","trace_id":"661820f6895c8f109c6c42cec9849c7b","span_id":"0843c323498fc321","message":"http_request","latency_ms":2,"metadata":{"method":"GET","path":"/api/auth/me","status":200}}
{"timestamp":"2026-06-04T10:12:28Z","level":"INFO","service":"stock_rag","trace_id":"b27fc08513ed8d0269be4a5fea13fbbc","span_id":"0b53a7832259320d","message":"http_request","metadata":{"method":"GET","path":"/api/personas","status":200}}
{"timestamp":"2026-06-04T10:15:41Z","level":"INFO","service":"stock_rag","message":"structured logging ready","metadata":{"log_file":"logs/app.log"}}
{"timestamp":"2026-06-04T10:15:45Z","level":"INFO","service":"stock_rag","trace_id":"3a4d593f8e52c8ca65a0332c2df8c0ec","span_id":"4a39576d8e8dffd8","message":"http_request","latency_ms":3,"metadata":{"method":"GET","path":"/personas.html","status":200}}
{"timestamp":"2026-06-04T10:15:45Z","level":"INFO","service":"stock_rag","trace_id":"b445e383e67a8387e97b1788d8f3fc87","span_id":"81037666ed2b7e49","message":"http_request","latency_ms":5,"metadata":{"method":"GET","path":"/api/auth/me","status":200}}
{"timestamp":"2026-06-04T10:15:45Z","level":"INFO","service":"stock_rag","trace_id":"76364be82159150a97327ac43eea7a8c","span_id":"2e4d205696b4dad8","message":"http_request","metadata":{"method":"GET","path":"/api/personas","status":200}}
{"timestamp":"2026-06-04T10:15:47Z","level":"INFO","service":"stock_rag","trace_id":"bd3020a3d001ad79c9e976b4631411fa","span_id":"73fa41e2059f598a","message":"http_request","latency_ms":1,"metadata":{"method":"GET","path":"/index.html","status":301}}
{"timestamp":"2026-06-04T10:15:47Z","level":"INFO","service":"stock_rag","trace_id":"14ea0d1346c9199b96def5c2569c2525","span_id":"6203b4ea46fc2350","message":"http_request","latency_ms":4,"metadata":{"method":"GET","path":"/api/auth/me","status":200}}
{"timestamp":"2026-06-04T10:15:47Z","level":"INFO","service":"stock_rag","trace_id":"a2f63d3d328682fae1a39b06fa70124d","span_id":"d4f6013f06a38937","message":"http_request","latency_ms":3,"metadata":{"method":"GET","path":"/api/conversations","status":200}}
{"timestamp":"2026-06-04T10:15:47Z","level":"INFO","service":"stock_rag","trace_id":"a05b6c794cd1e0f1301e73080a7d87ca","span_id":"5e6617511865e534","message":"http_request","latency_ms":3,"metadata":{"method":"GET","path":"/api/conversations/messages","status":200}}
{"timestamp":"2026-06-04T10:55:43Z","level":"INFO","service":"stock_rag","message":"structured logging ready","metadata":{"log_file":"logs/app.log"}}
{"timestamp":"2026-06-04T10:55:43Z","level":"DEBUG","service":"stock_rag","message":"RedisSemanticCache.Get called","metadata":{"query":" NVDA"}}
{"timestamp":"2026-06-04T10:55:43Z","level":"WARN","service":"stock_rag","message":"RedisSemanticCache embed query failed"}
{"timestamp":"2026-06-04T10:55:43Z","level":"INFO","service":"stock_rag","trace_id":"f00915e61f699ad0d5a4b9762f7b86fa","span_id":"4b0b2e8c59eb750d","message":"Eino component started","metadata":{"component":"Chain","node_name":"","node_type":""}}
{"timestamp":"2026-06-04T10:55:43Z","level":"INFO","service":"stock_rag","trace_id":"f00915e61f699ad0d5a4b9762f7b86fa","span_id":"3b589abce4cb9655","message":"Eino component started","metadata":{"component":"Lambda","node_name":"","node_type":""}}
{"timestamp":"2026-06-04T10:55:43Z","level":"INFO","service":"stock_rag","trace_id":"f00915e61f699ad0d5a4b9762f7b86fa","span_id":"3b589abce4cb9655","message":"Eino component completed","metadata":{"component":"Lambda","node_name":""}}
{"timestamp":"2026-06-04T10:55:43Z","level":"INFO","service":"stock_rag","trace_id":"f00915e61f699ad0d5a4b9762f7b86fa","span_id":"78b95d7273350fd9","message":"Eino component started","metadata":{"component":"Lambda","node_name":"","node_type":""}}
{"timestamp":"2026-06-04T10:55:43Z","level":"INFO","service":"stock_rag","trace_id":"f00915e61f699ad0d5a4b9762f7b86fa","span_id":"78b95d7273350fd9","message":"Eino component completed","metadata":{"component":"Lambda","node_name":""}}
{"timestamp":"2026-06-04T10:55:43Z","level":"INFO","service":"stock_rag","trace_id":"f00915e61f699ad0d5a4b9762f7b86fa","span_id":"f6d4f43560b33b1d","message":"Eino component started","metadata":{"component":"Lambda","node_name":"","node_type":""}}
{"timestamp":"2026-06-04T10:55:43Z","level":"INFO","service":"stock_rag","trace_id":"f00915e61f699ad0d5a4b9762f7b86fa","span_id":"d14d65351292fad9","message":"Eino component started","metadata":{"component":"ChatTemplate","node_name":"","node_type":"Default"}}
{"timestamp":"2026-06-04T10:55:43Z","level":"INFO","service":"stock_rag","trace_id":"f00915e61f699ad0d5a4b9762f7b86fa","span_id":"d14d65351292fad9","message":"Eino component completed","metadata":{"component":"ChatTemplate","node_name":""}}
{"timestamp":"2026-06-04T10:55:43Z","level":"INFO","service":"stock_rag","trace_id":"f00915e61f699ad0d5a4b9762f7b86fa","span_id":"f6d4f43560b33b1d","message":"Eino component completed","metadata":{"component":"Lambda","node_name":""}}
{"timestamp":"2026-06-04T10:55:43Z","level":"INFO","service":"stock_rag","trace_id":"f00915e61f699ad0d5a4b9762f7b86fa","span_id":"dc0415e178dc5d83","message":"Eino component started","metadata":{"component":"Lambda","node_name":"","node_type":""}}
{"timestamp":"2026-06-04T10:55:43Z","level":"INFO","service":"stock_rag","trace_id":"f00915e61f699ad0d5a4b9762f7b86fa","span_id":"5d93b877fb8383e7","message":"Eino component started","metadata":{"component":"ChatModel","node_name":"","node_type":"Ark"}}
{"timestamp":"2026-06-04T10:55:50Z","level":"INFO","service":"stock_rag","trace_id":"f00915e61f699ad0d5a4b9762f7b86fa","span_id":"5d93b877fb8383e7","message":"Eino component completed","metadata":{"component":"ChatModel","node_name":""}}
{"timestamp":"2026-06-04T10:55:50Z","level":"INFO","service":"stock_rag","trace_id":"f00915e61f699ad0d5a4b9762f7b86fa","span_id":"dc0415e178dc5d83","message":"Eino component completed","metadata":{"component":"Lambda","node_name":""}}
{"timestamp":"2026-06-04T10:55:50Z","level":"INFO","service":"stock_rag","trace_id":"f00915e61f699ad0d5a4b9762f7b86fa","span_id":"fdb517a134327270","message":"Eino component started","metadata":{"component":"Lambda","node_name":"","node_type":""}}
{"timestamp":"2026-06-04T10:55:50Z","level":"INFO","service":"stock_rag","trace_id":"f00915e61f699ad0d5a4b9762f7b86fa","span_id":"fdb517a134327270","message":"Eino component completed","metadata":{"component":"Lambda","node_name":""}}
{"timestamp":"2026-06-04T10:55:50Z","level":"INFO","service":"stock_rag","trace_id":"f00915e61f699ad0d5a4b9762f7b86fa","span_id":"96d3a02f66d90850","message":"Eino component started","metadata":{"component":"Lambda","node_name":"","node_type":""}}
{"timestamp":"2026-06-04T10:55:50Z","level":"INFO","service":"stock_rag","trace_id":"f00915e61f699ad0d5a4b9762f7b86fa","span_id":"96d3a02f66d90850","message":"Eino component completed","metadata":{"component":"Lambda","node_name":""}}
{"timestamp":"2026-06-04T10:55:50Z","level":"INFO","service":"stock_rag","trace_id":"f00915e61f699ad0d5a4b9762f7b86fa","span_id":"4b0b2e8c59eb750d","message":"Eino component completed","metadata":{"component":"Chain","node_name":""}}
{"timestamp":"2026-06-04T10:55:50Z","level":"DEBUG","service":"stock_rag","message":"RedisSemanticCache.Set called","metadata":{"query":" NVDA"}}
{"timestamp":"2026-06-04T10:55:50Z","level":"WARN","service":"stock_rag","message":"RedisSemanticCache embed query failed"}
{"timestamp":"2026-06-04T10:55:50Z","level":"DEBUG","service":"stock_rag","message":"RedisSemanticCache.Get called","metadata":{"query":" MSFT"}}
{"timestamp":"2026-06-04T10:55:50Z","level":"WARN","service":"stock_rag","message":"RedisSemanticCache embed query failed"}
{"timestamp":"2026-06-04T10:55:50Z","level":"INFO","service":"stock_rag","trace_id":"7d9075ce8d7defbf9146d0d0dc7d850d","span_id":"c064f5a88a9f6282","message":"Eino component started","metadata":{"component":"Chain","node_name":"","node_type":""}}
{"timestamp":"2026-06-04T10:55:50Z","level":"INFO","service":"stock_rag","trace_id":"7d9075ce8d7defbf9146d0d0dc7d850d","span_id":"cfd50fe3197ef79a","message":"Eino component started","metadata":{"component":"Lambda","node_name":"","node_type":""}}
{"timestamp":"2026-06-04T10:55:50Z","level":"INFO","service":"stock_rag","trace_id":"7d9075ce8d7defbf9146d0d0dc7d850d","span_id":"cfd50fe3197ef79a","message":"Eino component completed","metadata":{"component":"Lambda","node_name":""}}
{"timestamp":"2026-06-04T10:55:50Z","level":"INFO","service":"stock_rag","trace_id":"7d9075ce8d7defbf9146d0d0dc7d850d","span_id":"58d267c7de464c57","message":"Eino component started","metadata":{"component":"Lambda","node_name":"","node_type":""}}
{"timestamp":"2026-06-04T10:55:50Z","level":"INFO","service":"stock_rag","trace_id":"7d9075ce8d7defbf9146d0d0dc7d850d","span_id":"58d267c7de464c57","message":"Eino component completed","metadata":{"component":"Lambda","node_name":""}}
{"timestamp":"2026-06-04T10:55:50Z","level":"INFO","service":"stock_rag","trace_id":"7d9075ce8d7defbf9146d0d0dc7d850d","span_id":"4ecc2c78446564e8","message":"Eino component started","metadata":{"component":"Lambda","node_name":"","node_type":""}}
{"timestamp":"2026-06-04T10:55:50Z","level":"INFO","service":"stock_rag","trace_id":"7d9075ce8d7defbf9146d0d0dc7d850d","span_id":"952cef377df300ee","message":"Eino component started","metadata":{"component":"ChatTemplate","node_name":"","node_type":"Default"}}
{"timestamp":"2026-06-04T10:55:50Z","level":"INFO","service":"stock_rag","trace_id":"7d9075ce8d7defbf9146d0d0dc7d850d","span_id":"952cef377df300ee","message":"Eino component completed","metadata":{"component":"ChatTemplate","node_name":""}}
{"timestamp":"2026-06-04T10:55:50Z","level":"INFO","service":"stock_rag","trace_id":"7d9075ce8d7defbf9146d0d0dc7d850d","span_id":"4ecc2c78446564e8","message":"Eino component completed","metadata":{"component":"Lambda","node_name":""}}
{"timestamp":"2026-06-04T10:55:50Z","level":"INFO","service":"stock_rag","trace_id":"7d9075ce8d7defbf9146d0d0dc7d850d","span_id":"c92d9d7d83f499ad","message":"Eino component started","metadata":{"component":"Lambda","node_name":"","node_type":""}}
{"timestamp":"2026-06-04T10:55:50Z","level":"INFO","service":"stock_rag","trace_id":"7d9075ce8d7defbf9146d0d0dc7d850d","span_id":"9bcbe807798109a0","message":"Eino component started","metadata":{"component":"ChatModel","node_name":"","node_type":"Ark"}}
{"timestamp":"2026-06-04T10:55:57Z","level":"INFO","service":"stock_rag","trace_id":"7d9075ce8d7defbf9146d0d0dc7d850d","span_id":"9bcbe807798109a0","message":"Eino component completed","metadata":{"component":"ChatModel","node_name":""}}
{"timestamp":"2026-06-04T10:55:57Z","level":"INFO","service":"stock_rag","trace_id":"7d9075ce8d7defbf9146d0d0dc7d850d","span_id":"c92d9d7d83f499ad","message":"Eino component completed","metadata":{"component":"Lambda","node_name":""}}
{"timestamp":"2026-06-04T10:55:57Z","level":"INFO","service":"stock_rag","trace_id":"7d9075ce8d7defbf9146d0d0dc7d850d","span_id":"06a8cc2945ad8d88","message":"Eino component started","metadata":{"component":"Lambda","node_name":"","node_type":""}}
{"timestamp":"2026-06-04T10:55:57Z","level":"INFO","service":"stock_rag","trace_id":"7d9075ce8d7defbf9146d0d0dc7d850d","span_id":"06a8cc2945ad8d88","message":"Eino component completed","metadata":{"component":"Lambda","node_name":""}}
{"timestamp":"2026-06-04T10:55:57Z","level":"INFO","service":"stock_rag","trace_id":"7d9075ce8d7defbf9146d0d0dc7d850d","span_id":"cec98acb11e3d927","message":"Eino component started","metadata":{"component":"Lambda","node_name":"","node_type":""}}
{"timestamp":"2026-06-04T10:55:57Z","level":"INFO","service":"stock_rag","trace_id":"7d9075ce8d7defbf9146d0d0dc7d850d","span_id":"cec98acb11e3d927","message":"Eino component completed","metadata":{"component":"Lambda","node_name":""}}
{"timestamp":"2026-06-04T10:55:57Z","level":"INFO","service":"stock_rag","trace_id":"7d9075ce8d7defbf9146d0d0dc7d850d","span_id":"c064f5a88a9f6282","message":"Eino component completed","metadata":{"component":"Chain","node_name":""}}
{"timestamp":"2026-06-04T10:55:57Z","level":"DEBUG","service":"stock_rag","message":"RedisSemanticCache.Set called","metadata":{"query":" MSFT"}}
{"timestamp":"2026-06-04T10:55:58Z","level":"WARN","service":"stock_rag","message":"RedisSemanticCache embed query failed"}
{"timestamp":"2026-06-04T10:55:58Z","level":"DEBUG","service":"stock_rag","message":"RedisSemanticCache.Get called","metadata":{"query":" GOOGL"}}
{"timestamp":"2026-06-04T10:55:58Z","level":"WARN","service":"stock_rag","message":"RedisSemanticCache embed query failed"}
{"timestamp":"2026-06-04T10:55:58Z","level":"INFO","service":"stock_rag","trace_id":"fa3bb4126256f65b28d06c9fa9fa4efc","span_id":"e1d36db792ed8cd3","message":"Eino component started","metadata":{"component":"Chain","node_name":"","node_type":""}}
{"timestamp":"2026-06-04T10:55:58Z","level":"INFO","service":"stock_rag","trace_id":"fa3bb4126256f65b28d06c9fa9fa4efc","span_id":"ce9f084b72645146","message":"Eino component started","metadata":{"component":"Lambda","node_name":"","node_type":""}}
{"timestamp":"2026-06-04T10:55:58Z","level":"INFO","service":"stock_rag","trace_id":"fa3bb4126256f65b28d06c9fa9fa4efc","span_id":"ce9f084b72645146","message":"Eino component completed","metadata":{"component":"Lambda","node_name":""}}
{"timestamp":"2026-06-04T10:55:58Z","level":"INFO","service":"stock_rag","trace_id":"fa3bb4126256f65b28d06c9fa9fa4efc","span_id":"f515bce18ca2bf56","message":"Eino component started","metadata":{"component":"Lambda","node_name":"","node_type":""}}
{"timestamp":"2026-06-04T10:55:58Z","level":"INFO","service":"stock_rag","trace_id":"fa3bb4126256f65b28d06c9fa9fa4efc","span_id":"f515bce18ca2bf56","message":"Eino component completed","metadata":{"component":"Lambda","node_name":""}}
{"timestamp":"2026-06-04T10:55:58Z","level":"INFO","service":"stock_rag","trace_id":"fa3bb4126256f65b28d06c9fa9fa4efc","span_id":"6c1f989007f095a8","message":"Eino component started","metadata":{"component":"Lambda","node_name":"","node_type":""}}
{"timestamp":"2026-06-04T10:55:58Z","level":"INFO","service":"stock_rag","trace_id":"fa3bb4126256f65b28d06c9fa9fa4efc","span_id":"7c3e607db7342d48","message":"Eino component started","metadata":{"component":"ChatTemplate","node_name":"","node_type":"Default"}}
{"timestamp":"2026-06-04T10:55:58Z","level":"INFO","service":"stock_rag","trace_id":"fa3bb4126256f65b28d06c9fa9fa4efc","span_id":"7c3e607db7342d48","message":"Eino component completed","metadata":{"component":"ChatTemplate","node_name":""}}
{"timestamp":"2026-06-04T10:55:58Z","level":"INFO","service":"stock_rag","trace_id":"fa3bb4126256f65b28d06c9fa9fa4efc","span_id":"6c1f989007f095a8","message":"Eino component completed","metadata":{"component":"Lambda","node_name":""}}
{"timestamp":"2026-06-04T10:55:58Z","level":"INFO","service":"stock_rag","trace_id":"fa3bb4126256f65b28d06c9fa9fa4efc","span_id":"e3fd0dc11368808b","message":"Eino component started","metadata":{"component":"Lambda","node_name":"","node_type":""}}
{"timestamp":"2026-06-04T10:55:58Z","level":"INFO","service":"stock_rag","trace_id":"fa3bb4126256f65b28d06c9fa9fa4efc","span_id":"3367dca1c17bc250","message":"Eino component started","metadata":{"component":"ChatModel","node_name":"","node_type":"Ark"}}
{"timestamp":"2026-06-04T11:11:43Z","level":"INFO","service":"stock_rag","message":"structured logging ready","metadata":{"log_file":"logs/app.log"}}
{"timestamp":"2026-06-04T11:18:47Z","level":"INFO","service":"stock_rag","trace_id":"c4f731266aaa8bdc6a0d4cb4838bbfad","span_id":"ae8f8cfd54176001","message":"http_request","latency_ms":4,"metadata":{"method":"GET","path":"/","status":200}}
{"timestamp":"2026-06-04T11:18:47Z","level":"INFO","service":"stock_rag","trace_id":"28e3280b9f113f793f1198ece1bf5350","span_id":"19275021d4326b7c","message":"http_request","metadata":{"method":"GET","path":"/css/app.css","status":304}}
{"timestamp":"2026-06-04T11:18:47Z","level":"INFO","service":"stock_rag","trace_id":"8e32df98a950c8014a83eacb2cb8ba56","span_id":"e72c110151c358f5","message":"http_request","latency_ms":3,"metadata":{"method":"GET","path":"/js/chat-app.js","status":200}}
{"timestamp":"2026-06-04T11:18:47Z","level":"INFO","service":"stock_rag","trace_id":"fe42410a2c415a2ec18ac2d5f3d52381","span_id":"b676c1bf43acd948","message":"http_request","metadata":{"method":"GET","path":"/api/auth/me","status":401}}
{"timestamp":"2026-06-04T11:18:47Z","level":"INFO","service":"stock_rag","trace_id":"a910343ba5d95b90b8646a881fc0ab73","span_id":"510765f646826f26","message":"audit event","metadata":{"action":"auth.refresh","audit":true,"method":"POST","path":"/api/auth/refresh","remote_addr":"[::1]:64327","result":"success"}}
{"timestamp":"2026-06-04T11:18:47Z","level":"INFO","service":"stock_rag","trace_id":"a910343ba5d95b90b8646a881fc0ab73","span_id":"510765f646826f26","message":"http_request","latency_ms":7,"metadata":{"method":"POST","path":"/api/auth/refresh","status":200}}
{"timestamp":"2026-06-04T11:18:47Z","level":"INFO","service":"stock_rag","trace_id":"c0718a980b77e088cc02afadafa7d6d3","span_id":"3f96e3f87595b258","message":"http_request","latency_ms":3,"metadata":{"method":"GET","path":"/api/auth/me","status":200}}
{"timestamp":"2026-06-04T11:18:47Z","level":"INFO","service":"stock_rag","trace_id":"ee00f5cb8e4e8c6f7f18e2250408b28f","span_id":"69d6619850f781dc","message":"http_request","latency_ms":3,"metadata":{"method":"GET","path":"/api/conversations","status":200}}
{"timestamp":"2026-06-04T11:18:47Z","level":"INFO","service":"stock_rag","trace_id":"71bfa74fd2420a42b9483797501c1284","span_id":"0dee947c935f9309","message":"http_request","latency_ms":4,"metadata":{"method":"GET","path":"/api/conversations/messages","status":200}}
{"timestamp":"2026-06-04T11:18:48Z","level":"INFO","service":"stock_rag","trace_id":"71dc86296f529e3e7dcff49549a7d837","span_id":"eed211394aed2253","message":"http_request","latency_ms":1,"metadata":{"method":"GET","path":"/","status":304}}
{"timestamp":"2026-06-04T11:18:48Z","level":"INFO","service":"stock_rag","trace_id":"2439d8351acc30959a10114c9caa18ec","span_id":"130aac00dd8bd66a","message":"http_request","latency_ms":3,"metadata":{"method":"GET","path":"/api/auth/me","status":200}}
{"timestamp":"2026-06-04T11:18:48Z","level":"INFO","service":"stock_rag","trace_id":"3e738b73ae29376032bb40ebf575b7cc","span_id":"22f992ee8d8cb54b","message":"http_request","latency_ms":3,"metadata":{"method":"GET","path":"/api/conversations","status":200}}
{"timestamp":"2026-06-04T11:18:48Z","level":"INFO","service":"stock_rag","trace_id":"0e59fafd494429ada8e423d690a80d1f","span_id":"4f8cdccdb28c4cf6","message":"http_request","latency_ms":2,"metadata":{"method":"GET","path":"/api/conversations/messages","status":200}}
{"timestamp":"2026-06-04T11:18:55Z","level":"INFO","service":"stock_rag","trace_id":"95a510750f04acdd9e77b65031882eb6","span_id":"a25fc7cc2ea141d4","message":"http_request","latency_ms":1,"metadata":{"method":"GET","path":"/monitor/","status":401}}
{"timestamp":"2026-06-04T11:19:02Z","level":"INFO","service":"stock_rag","trace_id":"a83a60bbd1cfad7ea841a86ebac81515","span_id":"67b61fc18f064d32","message":"http_request","latency_ms":1,"metadata":{"method":"GET","path":"/prometheus/","status":401}}
{"timestamp":"2026-06-04T11:19:06Z","level":"INFO","service":"stock_rag","trace_id":"eb90d9dfb7ef3ae290bf6ba31f082ba3","span_id":"4eb8e34f90431fe0","message":"http_request","latency_ms":1,"metadata":{"method":"GET","path":"/monitor/","status":401}}
{"timestamp":"2026-06-04T11:28:55Z","level":"INFO","service":"stock_rag","message":"structured logging ready","metadata":{"log_file":"logs/app.log"}}
{"timestamp":"2026-06-04T11:28:59Z","level":"INFO","service":"stock_rag","trace_id":"92c2506bca35b1eb9abf11a590c318a7","span_id":"13bd2f32368ed888","message":"http_request","latency_ms":2,"metadata":{"method":"GET","path":"/","status":304}}
{"timestamp":"2026-06-04T11:28:59Z","level":"INFO","service":"stock_rag","trace_id":"7f90f67797eed081815cdffca37bf69b","span_id":"b38398198298cdc4","message":"http_request","latency_ms":1,"metadata":{"method":"GET","path":"/js/chat-app.js","status":304}}
{"timestamp":"2026-06-04T11:28:59Z","level":"INFO","service":"stock_rag","trace_id":"6f0ac9b15709f1deb4c9fd8ea253a8f2","span_id":"0da0691d3ab9b670","message":"http_request","latency_ms":5,"metadata":{"method":"GET","path":"/api/auth/me","status":200}}
{"timestamp":"2026-06-04T11:28:59Z","level":"INFO","service":"stock_rag","trace_id":"051e37bfd1368fd2c0133508608a445f","span_id":"8b711ee4e56d255c","message":"http_request","latency_ms":4,"metadata":{"method":"GET","path":"/api/conversations","status":200}}
{"timestamp":"2026-06-04T11:28:59Z","level":"INFO","service":"stock_rag","trace_id":"2dbae4d802c63c380926f5d48fb742bd","span_id":"6eb73c072ece591b","message":"http_request","latency_ms":3,"metadata":{"method":"GET","path":"/api/conversations/messages","status":200}}
{"timestamp":"2026-06-04T11:29:01Z","level":"INFO","service":"stock_rag","trace_id":"8658076150b3c52626e70f632d45f02a","span_id":"a45c1fd52d27fb8c","message":"http_request","latency_ms":7,"metadata":{"method":"GET","path":"/","status":302}}
{"timestamp":"2026-06-04T11:29:01Z","level":"INFO","service":"stock_rag","trace_id":"8b78b5f230d6022c910e49379ec2b198","span_id":"60895cc4abc1f5bf","message":"http_request","latency_ms":4,"metadata":{"method":"GET","path":"/user/auth-tokens/rotate","status":302}}
{"timestamp":"2026-06-04T11:29:01Z","level":"INFO","service":"stock_rag","trace_id":"67d35b6b2a9f4eeb4aff3ecc9516a3dd","span_id":"b88e1785db1d2f00","message":"http_request","latency_ms":25,"metadata":{"method":"GET","path":"/","status":200}}
{"timestamp":"2026-06-04T11:29:01Z","level":"INFO","service":"stock_rag","trace_id":"65a010ed7c4c8b74f5674111bc3a53c9","span_id":"13cab1e6094d9e9a","message":"http_request","metadata":{"method":"GET","path":"/public/build/grafana.app.108c0f6907328b5b2236.css","status":404}}
{"timestamp":"2026-06-04T11:29:01Z","level":"INFO","service":"stock_rag","trace_id":"e9ca900a4cb2942ecb5768ddadd616ed","span_id":"b06c7a78ee9efeb7","message":"http_request","latency_ms":2,"metadata":{"method":"GET","path":"/public/build/grafana.dark.23c5425b7a9e1580d499.css","status":404}}
{"timestamp":"2026-06-04T11:29:01Z","level":"INFO","service":"stock_rag","trace_id":"43f76200f2d461403a2ee4df5bca593d","span_id":"b95429e45f0e4684","message":"http_request","metadata":{"method":"GET","path":"/public/build/runtime.2490afc54c88b0127af5.js","status":404}}
{"timestamp":"2026-06-04T11:29:01Z","level":"INFO","service":"stock_rag","trace_id":"5a04f5373e5cbc7d2711ab290c765cad","span_id":"0d664f1f23255dbb","message":"http_request","latency_ms":1,"metadata":{"method":"GET","path":"/public/build/4499.13b7a1ee697383555053.js","status":404}}
{"timestamp":"2026-06-04T11:29:01Z","level":"INFO","service":"stock_rag","trace_id":"ec03f9852e74a4ba8aee9d0b15df458b","span_id":"2e508af8658fc042","message":"http_request","latency_ms":1,"metadata":{"method":"GET","path":"/public/build/2041.8a651cec6828c201bd88.js","status":404}}
{"timestamp":"2026-06-04T11:29:01Z","level":"INFO","service":"stock_rag","trace_id":"35a02f3851ca14bfe75c3fb889c71501","span_id":"8e95f7f054a11237","message":"http_request","latency_ms":1,"metadata":{"method":"GET","path":"/public/build/8501.7ee342f9fee7ef26b7d1.js","status":404}}
{"timestamp":"2026-06-04T11:29:01Z","level":"INFO","service":"stock_rag","trace_id":"b68c32eebd6fd766aa29ee2720f06a9c","span_id":"dfb19d979633d9b4","message":"http_request","latency_ms":3,"metadata":{"method":"GET","path":"/public/build/6029.0549a3fcb50e73c4b256.js","status":404}}
{"timestamp":"2026-06-04T11:29:01Z","level":"INFO","service":"stock_rag","trace_id":"2e1478cf71f04494c9523651b1a2d120","span_id":"43acb0032f393915","message":"http_request","latency_ms":2,"metadata":{"method":"GET","path":"/public/build/7836.a82c814cd762dc40d7b8.js","status":404}}
{"timestamp":"2026-06-04T11:29:01Z","level":"INFO","service":"stock_rag","trace_id":"04264a63672e46549f10a8f71905a08d","span_id":"ac97dfda081387b0","message":"http_request","metadata":{"method":"GET","path":"/public/build/app.4dfe4d8e8f6e4e6894fe.js","status":404}}
{"timestamp":"2026-06-04T11:29:01Z","level":"INFO","service":"stock_rag","trace_id":"e83fd5e426a3d9fdc0d7fd6d88b16800","span_id":"e7e3331d2b9ad750","message":"http_request","latency_ms":3,"metadata":{"method":"GET","path":"/public/build/1904.08723fee28b7b7cd8e91.js","status":404}}
{"timestamp":"2026-06-04T11:29:01Z","level":"INFO","service":"stock_rag","trace_id":"ed650db16d289c7bbc9a3c55553310a6","span_id":"2a04516a32336f5d","message":"http_request","latency_ms":1,"metadata":{"method":"GET","path":"/public/img/grafana_icon.svg","status":404}}
{"timestamp":"2026-06-04T11:29:01Z","level":"INFO","service":"stock_rag","trace_id":"e1d7dc5d5f67596319d7d4c74bcf3ac2","span_id":"0f9b77e95a58d5a3","message":"http_request","metadata":{"method":"GET","path":"/public/img/fav32.png","status":404}}
{"timestamp":"2026-06-04T11:29:18Z","level":"INFO","service":"stock_rag","trace_id":"48c936381d01b419fe37380601c297a2","span_id":"fbd1745fac1b0744","message":"http_request","latency_ms":3,"metadata":{"method":"GET","path":"/","status":302}}
{"timestamp":"2026-06-04T11:29:18Z","level":"INFO","service":"stock_rag","trace_id":"603040c53f8f3dc7d835ff05c027e635","span_id":"2d338b946667b95e","message":"http_request","latency_ms":2,"metadata":{"method":"GET","path":"/query","status":200}}
{"timestamp":"2026-06-04T11:29:18Z","level":"INFO","service":"stock_rag","trace_id":"168c0cd97df3ffef6f1c6b93d47dfda4","span_id":"0ab22f6360069cf0","message":"http_request","latency_ms":4,"metadata":{"method":"GET","path":"/assets/index-DpomRM9D.css","status":200}}
{"timestamp":"2026-06-04T11:29:18Z","level":"INFO","service":"stock_rag","trace_id":"c5668f4a4eeb94e6aaf6a568ae27cfe2","span_id":"a8a3a0adaa982cd5","message":"http_request","latency_ms":31,"metadata":{"method":"GET","path":"/assets/index-9NMa8IxZ.js","status":200}}
{"timestamp":"2026-06-04T11:29:18Z","level":"INFO","service":"stock_rag","trace_id":"3343ebef1231ee965f66812deaf54488","span_id":"e83ecc4bd908ffa1","message":"http_request","latency_ms":2,"metadata":{"method":"GET","path":"/api/v1/query","status":200}}
{"timestamp":"2026-06-04T11:29:18Z","level":"INFO","service":"stock_rag","trace_id":"bff89ca5306eb8e75f3c5bfc5fcfc8dc","span_id":"7b90ab62830a823c","message":"http_request","latency_ms":2,"metadata":{"method":"GET","path":"/api/v1/label/__name__/values","status":200}}
{"timestamp":"2026-06-04T11:29:18Z","level":"INFO","service":"stock_rag","trace_id":"09d03d9ad7d0d3bb9f2c8423b02bb502","span_id":"b2da425ec44c2a7e","message":"http_request","latency_ms":1,"metadata":{"method":"GET","path":"/favicon.svg","status":200}}
{"timestamp":"2026-06-04T11:29:23Z","level":"INFO","service":"stock_rag","trace_id":"708629a1ef856a46ad7600b484955cc8","span_id":"46e4a5c5c81f54d0","message":"http_request","latency_ms":3,"metadata":{"method":"GET","path":"/","status":200}}
{"timestamp":"2026-06-04T11:29:23Z","level":"INFO","service":"stock_rag","trace_id":"2328bdf9d393ab94a81b1b376e99d4a1","span_id":"746232b2a7e2829a","message":"http_request","metadata":{"method":"GET","path":"/static/index-bzTJ6oK_.css","status":404}}
{"timestamp":"2026-06-04T11:29:23Z","level":"INFO","service":"stock_rag","trace_id":"c3fa8734de31beff5e2cbbbd368a3e93","span_id":"b682ab1fe8806a9f","message":"http_request","metadata":{"method":"GET","path":"/static/index-hHigEjAr.js","status":404}}
{"timestamp":"2026-06-04T11:29:23Z","level":"INFO","service":"stock_rag","trace_id":"329b3db2a3ae9d10efc64debc3e546d9","span_id":"9c6f01b71d16c35f","message":"http_request","metadata":{"method":"GET","path":"/static/favicon-BxcVf0am.ico","status":404}}
{"timestamp":"2026-06-04T11:29:35Z","level":"INFO","service":"stock_rag","trace_id":"313273611f4cb2d1e33738246efcf345","span_id":"a8622eb0557be4bd","message":"http_request","latency_ms":3,"metadata":{"method":"GET","path":"/","status":404}}
{"timestamp":"2026-06-04T11:29:41Z","level":"INFO","service":"stock_rag","trace_id":"118391141b32acf02e7c4c73bdc6fd1e","span_id":"4fd77d2607e35b3c","message":"http_request","latency_ms":4,"metadata":{"method":"GET","path":"/","status":404}}
{"timestamp":"2026-06-04T11:30:50Z","level":"INFO","service":"stock_rag","message":"structured logging ready","metadata":{"log_file":"logs/app.log"}}
{"timestamp":"2026-06-04T11:30:54Z","level":"INFO","service":"stock_rag","trace_id":"a86fe25330b96c5c96452c23e4adeaab","span_id":"a57edded2e33e890","message":"http_request","latency_ms":3,"metadata":{"method":"GET","path":"/","status":200}}
{"timestamp":"2026-06-04T11:30:54Z","level":"INFO","service":"stock_rag","trace_id":"efeb936700fcd0d8906df4677275e543","span_id":"08c40210beef1eab","message":"http_request","latency_ms":6,"metadata":{"method":"GET","path":"/api/auth/me","status":200}}
{"timestamp":"2026-06-04T11:30:54Z","level":"INFO","service":"stock_rag","trace_id":"aceea328030c222b1bb9a882fd332aa3","span_id":"9b929ab89b9217a4","message":"http_request","latency_ms":3,"metadata":{"method":"GET","path":"/api/conversations","status":200}}
{"timestamp":"2026-06-04T11:30:54Z","level":"INFO","service":"stock_rag","trace_id":"f992e65a35fc1a36b42ab474ff597780","span_id":"e6fa4b45bc06ab73","message":"http_request","latency_ms":3,"metadata":{"method":"GET","path":"/api/conversations/messages","status":200}}
{"timestamp":"2026-06-04T13:11:56Z","level":"INFO","service":"stock_rag","trace_id":"9a9f818a011529d03581c63d9e3d867c","span_id":"53092f2b113f95e6","message":"http_request","latency_ms":5,"metadata":{"method":"GET","path":"/personas.html","status":304}}
{"timestamp":"2026-06-04T13:11:56Z","level":"INFO","service":"stock_rag","trace_id":"642b7bbf2f4e91761958e54ee181ee94","span_id":"ce6b97051517c282","message":"http_request","latency_ms":1,"metadata":{"method":"GET","path":"/css/app.css","status":304}}
{"timestamp":"2026-06-04T13:11:56Z","level":"INFO","service":"stock_rag","trace_id":"6197564d5194cfcd2c82983de4915f39","span_id":"fc6cfbe19eb7ee29","message":"http_request","latency_ms":2,"metadata":{"method":"GET","path":"/css/persona.css","status":200}}
{"timestamp":"2026-06-04T13:11:56Z","level":"INFO","service":"stock_rag","trace_id":"2117dda829f98b8f5c21b504ea9f47f1","span_id":"259bc1c277bb3f22","message":"http_request","latency_ms":2,"metadata":{"method":"GET","path":"/js/persona-api.js","status":304}}
{"timestamp":"2026-06-04T13:11:56Z","level":"INFO","service":"stock_rag","trace_id":"7587cc2a64d488f22987e5aa966c76c4","span_id":"132c31140495ea75","message":"http_request","metadata":{"method":"GET","path":"/api/auth/me","status":401}}
{"timestamp":"2026-06-04T13:11:56Z","level":"INFO","service":"stock_rag","trace_id":"2c074e3a2741fd372dbea0790429e9ed","span_id":"b4a52bc101413371","message":"audit event","metadata":{"action":"auth.refresh","audit":true,"method":"POST","path":"/api/auth/refresh","remote_addr":"[::1]:60646","result":"success"}}
{"timestamp":"2026-06-04T13:11:56Z","level":"INFO","service":"stock_rag","trace_id":"2c074e3a2741fd372dbea0790429e9ed","span_id":"b4a52bc101413371","message":"http_request","latency_ms":8,"metadata":{"method":"POST","path":"/api/auth/refresh","status":200}}
{"timestamp":"2026-06-04T13:11:56Z","level":"INFO","service":"stock_rag","trace_id":"60303a0f76ff6b47bc0ffe1feaf64506","span_id":"19c4237b427a622e","message":"http_request","latency_ms":2,"metadata":{"method":"GET","path":"/api/auth/me","status":200}}
{"timestamp":"2026-06-04T13:11:56Z","level":"INFO","service":"stock_rag","trace_id":"32fd4693efb2842efaf1bc87e0ecd74b","span_id":"e69e3ff3f76638d7","message":"http_request","metadata":{"method":"GET","path":"/api/personas","status":200}}
{"timestamp":"2026-06-04T13:12:01Z","level":"INFO","service":"stock_rag","trace_id":"7ab9a018bd3bfe5edda10758336c444a","span_id":"6bddcb0f2db969c1","message":"http_request","latency_ms":1,"metadata":{"method":"GET","path":"/persona-detail.html","status":200}}
{"timestamp":"2026-06-04T13:12:01Z","level":"INFO","service":"stock_rag","trace_id":"d34f3c20737cd29f40a46de9d25b18cc","span_id":"c5b95e32cb75d9fc","message":"http_request","latency_ms":6,"metadata":{"method":"GET","path":"/api/auth/me","status":200}}
{"timestamp":"2026-06-04T13:12:01Z","level":"INFO","service":"stock_rag","trace_id":"625a405b01bffc0dd6767a90d87fbc32","span_id":"9a2fa3f46f308a1e","message":"http_request","metadata":{"method":"GET","path":"/api/personas/us_growth_tech","status":200}}
{"timestamp":"2026-06-04T13:12:12Z","level":"INFO","service":"stock_rag","trace_id":"dbe25592a7a9a3e403a34a8e00252869","span_id":"7bf1ae66c032b911","message":"http_request","latency_ms":1,"metadata":{"method":"GET","path":"/persona-chat.html","status":200}}
{"timestamp":"2026-06-04T13:12:12Z","level":"INFO","service":"stock_rag","trace_id":"2be7c3d138a4fb4ebf61302bfddd21ba","span_id":"b947db60c203eb10","message":"http_request","latency_ms":4,"metadata":{"method":"GET","path":"/api/auth/me","status":200}}
{"timestamp":"2026-06-04T13:12:12Z","level":"INFO","service":"stock_rag","trace_id":"035aa41315eaec1a8d3232475920bcdb","span_id":"2201bd211d1ea3d2","message":"http_request","metadata":{"method":"GET","path":"/api/personas/us_growth_tech","status":200}}
{"timestamp":"2026-06-04T13:12:17Z","level":"INFO","service":"stock_rag","trace_id":"95bca91e105c78532406f47e65e92df3","span_id":"f948e87f53a08ec4","message":"http_request","metadata":{"method":"GET","path":"/.well-known/appspecific/com.chrome.devtools.json","status":404}}
{"timestamp":"2026-06-04T13:12:21Z","level":"DEBUG","service":"stock_rag","trace_id":"abfa6240d63a4d5a13ef01d4aed1395e","span_id":"bd04cf3d445b2e7c","message":"RedisSemanticCache.Get called","metadata":{"query":"You are a professional American stock investor named \"美股科技成长派\".\n\nYour investment belief is: 技术创新驱动长期价值，龙头企业享有估值溢价。\n\nInvestment style: growth, ai, tech\n\nPreferred sectors: 半导体, 云计算, 软件, AI\n\nInvestment decision framework:\n\n1. 赛道空间\n\n2. 竞争格局\n\n3. 管理层执行力\n\n4. 估值匹配\n\nPlease answer the following question based on the above identity: 近期市场走势如何？"}}
{"timestamp":"2026-06-04T13:12:21Z","level":"WARN","service":"stock_rag","trace_id":"abfa6240d63a4d5a13ef01d4aed1395e","span_id":"bd04cf3d445b2e7c","message":"RedisSemanticCache embed query failed"}
{"timestamp":"2026-06-04T13:12:21Z","level":"INFO","service":"stock_rag","trace_id":"abfa6240d63a4d5a13ef01d4aed1395e","span_id":"5528482c52e6ddf1","message":"Eino component started","metadata":{"component":"Chain","node_name":"","node_type":""}}
{"timestamp":"2026-06-04T13:12:21Z","level":"INFO","service":"stock_rag","trace_id":"abfa6240d63a4d5a13ef01d4aed1395e","span_id":"6b9af05748edce76","message":"Eino component started","metadata":{"component":"Lambda","node_name":"","node_type":""}}
{"timestamp":"2026-06-04T13:12:21Z","level":"INFO","service":"stock_rag","trace_id":"abfa6240d63a4d5a13ef01d4aed1395e","span_id":"6b9af05748edce76","message":"Eino component completed","metadata":{"component":"Lambda","node_name":""}}
{"timestamp":"2026-06-04T13:12:21Z","level":"INFO","service":"stock_rag","trace_id":"abfa6240d63a4d5a13ef01d4aed1395e","span_id":"26b1ac63d2b128a0","message":"Eino component started","metadata":{"component":"Lambda","node_name":"","node_type":""}}
{"timestamp":"2026-06-04T13:12:21Z","level":"INFO","service":"stock_rag","trace_id":"abfa6240d63a4d5a13ef01d4aed1395e","span_id":"26b1ac63d2b128a0","message":"Eino component completed","metadata":{"component":"Lambda","node_name":""}}
{"timestamp":"2026-06-04T13:12:21Z","level":"INFO","service":"stock_rag","trace_id":"abfa6240d63a4d5a13ef01d4aed1395e","span_id":"5772e249cb1610cf","message":"Eino component started","metadata":{"component":"Lambda","node_name":"","node_type":""}}
{"timestamp":"2026-06-04T13:12:21Z","level":"INFO","service":"stock_rag","trace_id":"abfa6240d63a4d5a13ef01d4aed1395e","span_id":"d9edfeb2449750be","message":"Eino component started","metadata":{"component":"ChatTemplate","node_name":"","node_type":"Default"}}
{"timestamp":"2026-06-04T13:12:21Z","level":"INFO","service":"stock_rag","trace_id":"abfa6240d63a4d5a13ef01d4aed1395e","span_id":"d9edfeb2449750be","message":"Eino component completed","metadata":{"component":"ChatTemplate","node_name":""}}
{"timestamp":"2026-06-04T13:12:21Z","level":"INFO","service":"stock_rag","trace_id":"abfa6240d63a4d5a13ef01d4aed1395e","span_id":"5772e249cb1610cf","message":"Eino component completed","metadata":{"component":"Lambda","node_name":""}}
{"timestamp":"2026-06-04T13:12:21Z","level":"INFO","service":"stock_rag","trace_id":"abfa6240d63a4d5a13ef01d4aed1395e","span_id":"3c7da230179bf014","message":"Eino component started","metadata":{"component":"Lambda","node_name":"","node_type":""}}
{"timestamp":"2026-06-04T13:12:21Z","level":"INFO","service":"stock_rag","trace_id":"abfa6240d63a4d5a13ef01d4aed1395e","span_id":"2e61755119a662b0","message":"Eino component started","metadata":{"component":"ChatModel","node_name":"","node_type":"Ark"}}
{"timestamp":"2026-06-04T13:12:27Z","level":"INFO","service":"stock_rag","trace_id":"abfa6240d63a4d5a13ef01d4aed1395e","span_id":"2e61755119a662b0","message":"Eino component completed","metadata":{"component":"ChatModel","node_name":""}}
{"timestamp":"2026-06-04T13:12:27Z","level":"INFO","service":"stock_rag","trace_id":"abfa6240d63a4d5a13ef01d4aed1395e","span_id":"3c7da230179bf014","message":"Eino component completed","metadata":{"component":"Lambda","node_name":""}}
{"timestamp":"2026-06-04T13:12:27Z","level":"INFO","service":"stock_rag","trace_id":"abfa6240d63a4d5a13ef01d4aed1395e","span_id":"12189a57a9f2342d","message":"Eino component started","metadata":{"component":"Lambda","node_name":"","node_type":""}}
{"timestamp":"2026-06-04T13:12:27Z","level":"INFO","service":"stock_rag","trace_id":"abfa6240d63a4d5a13ef01d4aed1395e","span_id":"12189a57a9f2342d","message":"Eino component completed","metadata":{"component":"Lambda","node_name":""}}
{"timestamp":"2026-06-04T13:12:27Z","level":"INFO","service":"stock_rag","trace_id":"abfa6240d63a4d5a13ef01d4aed1395e","span_id":"c47ca0d62a013762","message":"Eino component started","metadata":{"component":"Lambda","node_name":"","node_type":""}}
{"timestamp":"2026-06-04T13:12:27Z","level":"INFO","service":"stock_rag","trace_id":"abfa6240d63a4d5a13ef01d4aed1395e","span_id":"c47ca0d62a013762","message":"Eino component completed","metadata":{"component":"Lambda","node_name":""}}
{"timestamp":"2026-06-04T13:12:27Z","level":"INFO","service":"stock_rag","trace_id":"abfa6240d63a4d5a13ef01d4aed1395e","span_id":"5528482c52e6ddf1","message":"Eino component completed","metadata":{"component":"Chain","node_name":""}}
{"timestamp":"2026-06-04T13:12:27Z","level":"DEBUG","service":"stock_rag","trace_id":"abfa6240d63a4d5a13ef01d4aed1395e","span_id":"bd04cf3d445b2e7c","message":"RedisSemanticCache.Set called","metadata":{"query":"You are a professional American stock investor named \"美股科技成长派\".\n\nYour investment belief is: 技术创新驱动长期价值，龙头企业享有估值溢价。\n\nInvestment style: growth, ai, tech\n\nPreferred sectors: 半导体, 云计算, 软件, AI\n\nInvestment decision framework:\n\n1. 赛道空间\n\n2. 竞争格局\n\n3. 管理层执行力\n\n4. 估值匹配\n\nPlease answer the following question based on the above identity: 近期市场走势如何？"}}
{"timestamp":"2026-06-04T13:12:27Z","level":"WARN","service":"stock_rag","trace_id":"abfa6240d63a4d5a13ef01d4aed1395e","span_id":"bd04cf3d445b2e7c","message":"RedisSemanticCache embed query failed"}
{"timestamp":"2026-06-04T13:12:27Z","level":"INFO","service":"stock_rag","trace_id":"abfa6240d63a4d5a13ef01d4aed1395e","span_id":"bd04cf3d445b2e7c","request_id":"persona-chat-1780578741705266000","message":"Persona chat completed","latency_ms":5771,"metadata":{"citation_count":0,"feature":"persona","mode":"chat","persona_id":"us_growth_tech","question_hash":"aa9bd3309ff15f60","question_len":27,"status":"success","stock_code":""}}
{"timestamp":"2026-06-04T13:12:27Z","level":"INFO","service":"stock_rag","trace_id":"abfa6240d63a4d5a13ef01d4aed1395e","span_id":"bd04cf3d445b2e7c","request_id":"persona-chat-1780578741705266000","message":"Persona chat handler completed","latency_ms":5771,"metadata":{"feature":"persona","mode":"chat","persona_id":"us_growth_tech"}}
{"timestamp":"2026-06-04T13:12:27Z","level":"INFO","service":"stock_rag","trace_id":"abfa6240d63a4d5a13ef01d4aed1395e","span_id":"1713612443623751","message":"http_request","latency_ms":5776,"metadata":{"method":"POST","path":"/api/personas/chat","status":200}}
{"timestamp":"2026-06-04T13:12:35Z","level":"DEBUG","service":"stock_rag","trace_id":"978e91467f5b1ac6a73987ea1e16d41f","span_id":"b2879ecae687ee36","message":"RedisSemanticCache.Get called","metadata":{"query":"You are a professional American stock investor named \"美股科技成长派\".\n\nYour investment belief is: 技术创新驱动长期价值，龙头企业享有估值溢价。\n\nInvestment style: growth, ai, tech\n\nPreferred sectors: 半导体, 云计算, 软件, AI\n\nInvestment decision framework:\n\n1. 赛道空间\n\n2. 竞争格局\n\n3. 管理层执行力\n\n4. 估值匹配\n\nPlease answer the following question based on the above identity: 科技股投资机会？"}}
{"timestamp":"2026-06-04T13:12:35Z","level":"WARN","service":"stock_rag","trace_id":"978e91467f5b1ac6a73987ea1e16d41f","span_id":"b2879ecae687ee36","message":"RedisSemanticCache embed query failed"}
{"timestamp":"2026-06-04T13:12:35Z","level":"INFO","service":"stock_rag","trace_id":"978e91467f5b1ac6a73987ea1e16d41f","span_id":"4388481c33273de1","message":"Eino component started","metadata":{"component":"Chain","node_name":"","node_type":""}}
{"timestamp":"2026-06-04T13:12:35Z","level":"INFO","service":"stock_rag","trace_id":"978e91467f5b1ac6a73987ea1e16d41f","span_id":"ab7daf405f15f542","message":"Eino component started","metadata":{"component":"Lambda","node_name":"","node_type":""}}
{"timestamp":"2026-06-04T13:12:35Z","level":"INFO","service":"stock_rag","trace_id":"978e91467f5b1ac6a73987ea1e16d41f","span_id":"ab7daf405f15f542","message":"Eino component completed","metadata":{"component":"Lambda","node_name":""}}
{"timestamp":"2026-06-04T13:12:35Z","level":"INFO","service":"stock_rag","trace_id":"978e91467f5b1ac6a73987ea1e16d41f","span_id":"9a23106a13ece989","message":"Eino component started","metadata":{"component":"Lambda","node_name":"","node_type":""}}
{"timestamp":"2026-06-04T13:12:35Z","level":"INFO","service":"stock_rag","trace_id":"978e91467f5b1ac6a73987ea1e16d41f","span_id":"9a23106a13ece989","message":"Eino component completed","metadata":{"component":"Lambda","node_name":""}}
{"timestamp":"2026-06-04T13:12:35Z","level":"INFO","service":"stock_rag","trace_id":"978e91467f5b1ac6a73987ea1e16d41f","span_id":"109e8e6fc4647c4a","message":"Eino component started","metadata":{"component":"Lambda","node_name":"","node_type":""}}
{"timestamp":"2026-06-04T13:12:35Z","level":"INFO","service":"stock_rag","trace_id":"978e91467f5b1ac6a73987ea1e16d41f","span_id":"b066839b52fd5bab","message":"Eino component started","metadata":{"component":"ChatTemplate","node_name":"","node_type":"Default"}}
{"timestamp":"2026-06-04T13:12:35Z","level":"INFO","service":"stock_rag","trace_id":"978e91467f5b1ac6a73987ea1e16d41f","span_id":"b066839b52fd5bab","message":"Eino component completed","metadata":{"component":"ChatTemplate","node_name":""}}
{"timestamp":"2026-06-04T13:12:35Z","level":"INFO","service":"stock_rag","trace_id":"978e91467f5b1ac6a73987ea1e16d41f","span_id":"109e8e6fc4647c4a","message":"Eino component completed","metadata":{"component":"Lambda","node_name":""}}
{"timestamp":"2026-06-04T13:12:35Z","level":"INFO","service":"stock_rag","trace_id":"978e91467f5b1ac6a73987ea1e16d41f","span_id":"36acb4a49c62e25d","message":"Eino component started","metadata":{"component":"Lambda","node_name":"","node_type":""}}
{"timestamp":"2026-06-04T13:12:35Z","level":"INFO","service":"stock_rag","trace_id":"978e91467f5b1ac6a73987ea1e16d41f","span_id":"59db76e68b7020dc","message":"Eino component started","metadata":{"component":"ChatModel","node_name":"","node_type":"Ark"}}
{"timestamp":"2026-06-04T13:12:45Z","level":"INFO","service":"stock_rag","trace_id":"978e91467f5b1ac6a73987ea1e16d41f","span_id":"59db76e68b7020dc","message":"Eino component completed","metadata":{"component":"ChatModel","node_name":""}}
{"timestamp":"2026-06-04T13:12:45Z","level":"INFO","service":"stock_rag","trace_id":"978e91467f5b1ac6a73987ea1e16d41f","span_id":"36acb4a49c62e25d","message":"Eino component completed","metadata":{"component":"Lambda","node_name":""}}
{"timestamp":"2026-06-04T13:12:45Z","level":"INFO","service":"stock_rag","trace_id":"978e91467f5b1ac6a73987ea1e16d41f","span_id":"f436360be23110fb","message":"Eino component started","metadata":{"component":"Lambda","node_name":"","node_type":""}}
{"timestamp":"2026-06-04T13:12:45Z","level":"INFO","service":"stock_rag","trace_id":"978e91467f5b1ac6a73987ea1e16d41f","span_id":"f436360be23110fb","message":"Eino component completed","metadata":{"component":"Lambda","node_name":""}}
{"timestamp":"2026-06-04T13:12:45Z","level":"INFO","service":"stock_rag","trace_id":"978e91467f5b1ac6a73987ea1e16d41f","span_id":"5df5d82fc45dc314","message":"Eino component started","metadata":{"component":"Lambda","node_name":"","node_type":""}}
{"timestamp":"2026-06-04T13:12:45Z","level":"INFO","service":"stock_rag","trace_id":"978e91467f5b1ac6a73987ea1e16d41f","span_id":"5df5d82fc45dc314","message":"Eino component completed","metadata":{"component":"Lambda","node_name":""}}
{"timestamp":"2026-06-04T13:12:45Z","level":"INFO","service":"stock_rag","trace_id":"978e91467f5b1ac6a73987ea1e16d41f","span_id":"4388481c33273de1","message":"Eino component completed","metadata":{"component":"Chain","node_name":""}}
{"timestamp":"2026-06-04T13:12:45Z","level":"DEBUG","service":"stock_rag","trace_id":"978e91467f5b1ac6a73987ea1e16d41f","span_id":"b2879ecae687ee36","message":"RedisSemanticCache.Set called","metadata":{"query":"You are a professional American stock investor named \"美股科技成长派\".\n\nYour investment belief is: 技术创新驱动长期价值，龙头企业享有估值溢价。\n\nInvestment style: growth, ai, tech\n\nPreferred sectors: 半导体, 云计算, 软件, AI\n\nInvestment decision framework:\n\n1. 赛道空间\n\n2. 竞争格局\n\n3. 管理层执行力\n\n4. 估值匹配\n\nPlease answer the following question based on the above identity: 科技股投资机会？"}}
{"timestamp":"2026-06-04T13:12:45Z","level":"WARN","service":"stock_rag","trace_id":"978e91467f5b1ac6a73987ea1e16d41f","span_id":"b2879ecae687ee36","message":"RedisSemanticCache embed query failed"}
{"timestamp":"2026-06-04T13:12:45Z","level":"INFO","service":"stock_rag","trace_id":"978e91467f5b1ac6a73987ea1e16d41f","span_id":"b2879ecae687ee36","request_id":"persona-chat-1780578755294144000","message":"Persona chat completed","latency_ms":10400,"metadata":{"citation_count":0,"feature":"persona","mode":"chat","persona_id":"us_growth_tech","question_hash":"1ef8ad718775716b","question_len":24,"status":"success","stock_code":""}}
{"timestamp":"2026-06-04T13:12:45Z","level":"INFO","service":"stock_rag","trace_id":"978e91467f5b1ac6a73987ea1e16d41f","span_id":"b2879ecae687ee36","request_id":"persona-chat-1780578755294144000","message":"Persona chat handler completed","latency_ms":10401,"metadata":{"feature":"persona","mode":"chat","persona_id":"us_growth_tech"}}
{"timestamp":"2026-06-04T13:12:45Z","level":"INFO","service":"stock_rag","trace_id":"978e91467f5b1ac6a73987ea1e16d41f","span_id":"1689d6be56773138","message":"http_request","latency_ms":10405,"metadata":{"method":"POST","path":"/api/personas/chat","status":200}}
{"timestamp":"2026-06-04T13:25:30Z","level":"INFO","service":"stock_rag","message":"structured logging ready","metadata":{"log_file":"logs/app.log"}}
{"timestamp":"2026-06-04T13:25:42Z","level":"INFO","service":"stock_rag","trace_id":"13e251bb5fa11ae4846167138bc2ba98","span_id":"16e9cb155e188b46","message":"http_request","latency_ms":3,"metadata":{"method":"POST","path":"/api/chat/stream","status":401}}
{"timestamp":"2026-06-04T13:25:58Z","level":"INFO","service":"stock_rag","trace_id":"a8c34d02ecf633fc24e3cfcd2a3d5524","span_id":"b85f9bcdbdbc0c7a","message":"audit event","metadata":{"action":"auth.register","audit":true,"method":"POST","path":"/api/auth/register","remote_addr":"[::1]:65521","result":"invalid_request","username":"testuser"}}
{"timestamp":"2026-06-04T13:25:58Z","level":"INFO","service":"stock_rag","trace_id":"a8c34d02ecf633fc24e3cfcd2a3d5524","span_id":"b85f9bcdbdbc0c7a","message":"http_request","latency_ms":1,"metadata":{"method":"POST","path":"/api/auth/register","status":400}}
{"timestamp":"2026-06-04T13:26:07Z","level":"INFO","service":"stock_rag","trace_id":"5e0a94273803592cf9aa23c6bd2e0b09","span_id":"e3f66fec369dc300","message":"audit event","error":"邮箱已存在","metadata":{"action":"auth.register","audit":true,"method":"POST","path":"/api/auth/register","remote_addr":"[::1]:49179","result":"failure","username":"testuser"}}
{"timestamp":"2026-06-04T13:26:07Z","level":"INFO","service":"stock_rag","trace_id":"5e0a94273803592cf9aa23c6bd2e0b09","span_id":"e3f66fec369dc300","message":"http_request","latency_ms":8,"metadata":{"method":"POST","path":"/api/auth/register","status":400}}
{"timestamp":"2026-06-04T13:26:17Z","level":"INFO","service":"stock_rag","trace_id":"74a89086cce56843cb554ce03732a012","span_id":"be539603140378d0","message":"audit event","error":"用户不存在","metadata":{"action":"auth.login","audit":true,"method":"POST","path":"/api/auth/login","remote_addr":"[::1]:49220","result":"failure","username":"testuser"}}
{"timestamp":"2026-06-04T13:26:17Z","level":"INFO","service":"stock_rag","trace_id":"74a89086cce56843cb554ce03732a012","span_id":"be539603140378d0","message":"http_request","latency_ms":4,"metadata":{"method":"POST","path":"/api/auth/login","status":401}}
{"timestamp":"2026-06-04T13:26:25Z","level":"INFO","service":"stock_rag","trace_id":"7cc3caefaa490a8c5a10ac213d2ea80f","span_id":"3cac4958715860eb","message":"audit event","metadata":{"action":"auth.register","audit":true,"method":"POST","path":"/api/auth/register","remote_addr":"[::1]:49265","result":"success","user_id":"f05c1b74-5733-4edd-8a6e-6556d9b302c1","username":"user1"}}
{"timestamp":"2026-06-04T13:26:25Z","level":"INFO","service":"stock_rag","trace_id":"7cc3caefaa490a8c5a10ac213d2ea80f","span_id":"3cac4958715860eb","message":"http_request","latency_ms":58,"metadata":{"method":"POST","path":"/api/auth/register","status":200}}
{"timestamp":"2026-06-04T13:26:39Z","level":"INFO","service":"stock_rag","trace_id":"a58e41c7947e598a7bdf409c1c7a1c9e","span_id":"3faed2d02634165a","message":"Received chat stream request","metadata":{"conversation_id":"test-conv-1","handler":"ChatHandler.ChatStream","message_preview":"你好","mode":"","user_id":"f05c1b74-5733-4edd-8a6e-6556d9b302c1"}}
{"timestamp":"2026-06-04T13:26:39Z","level":"INFO","service":"stock_rag","trace_id":"a58e41c7947e598a7bdf409c1c7a1c9e","span_id":"a03a2f4182a33416","message":"Starting chat request","metadata":{"conversation_id":"test-conv-1","message_preview":"你好","user_id":"f05c1b74-5733-4edd-8a6e-6556d9b302c1"}}
{"timestamp":"2026-06-04T13:26:39Z","level":"INFO","service":"stock_rag","trace_id":"a58e41c7947e598a7bdf409c1c7a1c9e","span_id":"a03a2f4182a33416","message":"Starting route decision"}
{"timestamp":"2026-06-04T13:26:39Z","level":"INFO","service":"stock_rag","trace_id":"a58e41c7947e598a7bdf409c1c7a1c9e","span_id":"a03a2f4182a33416","message":"Route decision completed","metadata":{"message_id":"msg-1780579599188225000","selected_mode":"chat"}}
{"timestamp":"2026-06-04T13:26:39Z","level":"INFO","service":"stock_rag","trace_id":"a58e41c7947e598a7bdf409c1c7a1c9e","span_id":"a03a2f4182a33416","message":"Exact cache miss, proceeding with execution"}
{"timestamp":"2026-06-04T13:26:39Z","level":"INFO","service":"stock_rag","trace_id":"a58e41c7947e598a7bdf409c1c7a1c9e","span_id":"a03a2f4182a33416","message":"User message saved","metadata":{"conversation_id":"test-conv-1","message_id":"msg-1780579599188225000"}}
{"timestamp":"2026-06-04T13:26:39Z","level":"INFO","service":"stock_rag","trace_id":"a58e41c7947e598a7bdf409c1c7a1c9e","span_id":"a03a2f4182a33416","message":"Executing request","metadata":{"conversation_id":"test-conv-1","message_id":"msg-1780579599188225000","mode":"chat"}}
{"timestamp":"2026-06-04T13:26:39Z","level":"INFO","service":"stock_rag","trace_id":"a58e41c7947e598a7bdf409c1c7a1c9e","span_id":"a5b865dfac9a0414","message":"AgentExecutor executing request","metadata":{"conversation_id":"test-conv-1","mode":"chat","user_id":"f05c1b74-5733-4edd-8a6e-6556d9b302c1"}}
{"timestamp":"2026-06-04T13:26:39Z","level":"INFO","service":"stock_rag","trace_id":"a58e41c7947e598a7bdf409c1c7a1c9e","span_id":"a5b865dfac9a0414","message":"AgentExecutor selected chat executor"}
{"timestamp":"2026-06-04T13:26:39Z","level":"INFO","service":"stock_rag","trace_id":"a58e41c7947e598a7bdf409c1c7a1c9e","span_id":"a5b865dfac9a0414","message":"AgentExecutor calling executor","metadata":{"executor_name":"chat_executor"}}
{"timestamp":"2026-06-04T13:26:39Z","level":"INFO","service":"stock_rag","trace_id":"a58e41c7947e598a7bdf409c1c7a1c9e","span_id":"d9100477a2bd5280","message":"Eino component started","metadata":{"component":"ChatModel","node_name":"","node_type":"Ark"}}
{"timestamp":"2026-06-04T13:27:01Z","level":"INFO","service":"stock_rag","trace_id":"a58e41c7947e598a7bdf409c1c7a1c9e","span_id":"a5b865dfac9a0414","message":"AgentExecutor executor completed successfully","metadata":{"executor_name":"chat_executor"}}
{"timestamp":"2026-06-04T13:27:01Z","level":"INFO","service":"stock_rag","trace_id":"a58e41c7947e598a7bdf409c1c7a1c9e","span_id":"a03a2f4182a33416","message":"Execution completed","metadata":{"content_length":976,"input_tokens":0,"message_id":"","output_tokens":0}}
{"timestamp":"2026-06-04T13:27:01Z","level":"INFO","service":"stock_rag","trace_id":"a58e41c7947e598a7bdf409c1c7a1c9e","span_id":"a03a2f4182a33416","message":"Assistant message saved","metadata":{"conversation_id":"test-conv-1","message_id":"msg-1780579621017761000"}}
{"timestamp":"2026-06-04T13:27:01Z","level":"INFO","service":"stock_rag","trace_id":"a58e41c7947e598a7bdf409c1c7a1c9e","span_id":"a03a2f4182a33416","message":"Chat request completed"}
{"timestamp":"2026-06-04T13:27:01Z","level":"INFO","service":"stock_rag","trace_id":"a58e41c7947e598a7bdf409c1c7a1c9e","span_id":"3faed2d02634165a","message":"Chat stream completed","metadata":{"conversation_id":"test-conv-1","handler":"ChatHandler.ChatStream","message_id":"msg-1780579621017761000","mode":"chat"}}
{"timestamp":"2026-06-04T13:27:01Z","level":"INFO","service":"stock_rag","trace_id":"a58e41c7947e598a7bdf409c1c7a1c9e","span_id":"3faed2d02634165a","message":"http_request","latency_ms":21842,"metadata":{"method":"POST","path":"/api/chat/stream","status":200}}
{"timestamp":"2026-06-04T13:27:01Z","level":"INFO","service":"stock_rag","message":"ExactCache entry added","metadata":{"cache_key":"你好|chat|||","ttl":"24h0m0s"}}
{"timestamp":"2026-06-04T13:27:01Z","level":"INFO","service":"stock_rag","message":"Exact cache entry added","metadata":{"cache_key":"你好|chat|||"}}
{"timestamp":"2026-06-04T13:27:11Z","level":"INFO","service":"stock_rag","trace_id":"fe23a1c8f3541eb66435205905598684","span_id":"fbfdfecb079f874f","message":"http_request","latency_ms":4,"metadata":{"method":"GET","path":"/login.html","status":200}}
{"timestamp":"2026-06-04T13:31:12Z","level":"INFO","service":"stock_rag","message":"structured logging ready","metadata":{"log_file":"logs/app.log"}}
{"timestamp":"2026-06-04T14:08:24Z","level":"INFO","service":"stock_rag","message":"structured logging ready","metadata":{"log_file":"logs/app.log"}}
{"timestamp":"2026-06-04T14:09:09Z","level":"INFO","service":"stock_rag","message":"structured logging ready","metadata":{"log_file":"logs/app.log"}}
{"timestamp":"2026-06-04T14:09:39Z","level":"INFO","service":"stock_rag","trace_id":"26b3e1998e1ba1ae8ba95d3d44fae538","span_id":"171255923a8b71ca","message":"http_request","latency_ms":3,"metadata":{"method":"GET","path":"/persona-chat.html","status":304}}
{"timestamp":"2026-06-04T14:09:39Z","level":"INFO","service":"stock_rag","trace_id":"92f0e2d409c2c8feabc11a1a3e1fc4a1","span_id":"efd716c060333b97","message":"http_request","latency_ms":2,"metadata":{"method":"GET","path":"/css/persona.css","status":304}}
{"timestamp":"2026-06-04T14:09:39Z","level":"INFO","service":"stock_rag","trace_id":"2075f80bd8a1cec53ae5eac5151f135d","span_id":"b3db60ba2a530d33","message":"http_request","latency_ms":5,"metadata":{"method":"GET","path":"/css/app.css","status":200}}
{"timestamp":"2026-06-04T14:09:39Z","level":"INFO","service":"stock_rag","trace_id":"5c238d7e299faa300f3e5a2bf95d1bac","span_id":"2116d30a9efe96a6","message":"http_request","latency_ms":5,"metadata":{"method":"GET","path":"/js/persona-api.js","status":304}}
{"timestamp":"2026-06-04T14:09:39Z","level":"INFO","service":"stock_rag","trace_id":"2c6dc473910f9329f581c1df3f829c05","span_id":"d78c1aa0623c9982","message":"http_request","latency_ms":1,"metadata":{"method":"GET","path":"/.well-known/appspecific/com.chrome.devtools.json","status":404}}
{"timestamp":"2026-06-04T14:09:39Z","level":"INFO","service":"stock_rag","trace_id":"5acbb04927227ea30bfdaf8724461c79","span_id":"596b7fa83b6f3a14","message":"http_request","latency_ms":1,"metadata":{"method":"GET","path":"/api/auth/me","status":401}}
{"timestamp":"2026-06-04T14:09:39Z","level":"INFO","service":"stock_rag","trace_id":"7539478efb8e178f32977aef9eb5a8e6","span_id":"83a07aa994bb8b95","message":"audit event","metadata":{"action":"auth.refresh","audit":true,"method":"POST","path":"/api/auth/refresh","remote_addr":"[::1]:62398","result":"success"}}
{"timestamp":"2026-06-04T14:09:39Z","level":"INFO","service":"stock_rag","trace_id":"7539478efb8e178f32977aef9eb5a8e6","span_id":"83a07aa994bb8b95","message":"http_request","latency_ms":5,"metadata":{"method":"POST","path":"/api/auth/refresh","status":200}}
{"timestamp":"2026-06-04T14:09:39Z","level":"INFO","service":"stock_rag","trace_id":"a28eb566ddd09211494ce53f758b70f1","span_id":"89de14d7511d42fa","message":"http_request","latency_ms":1,"metadata":{"method":"GET","path":"/api/auth/me","status":200}}
{"timestamp":"2026-06-04T14:09:39Z","level":"INFO","service":"stock_rag","trace_id":"d42a4537a65d885f6e9778a91f0354ae","span_id":"3f8cf70b3ca91962","message":"http_request","metadata":{"method":"GET","path":"/api/personas/us_growth_tech","status":200}}
{"timestamp":"2026-06-04T14:09:44Z","level":"DEBUG","service":"stock_rag","trace_id":"e85bd495dc99be399e0dab949f3f6429","span_id":"f2c4522cd1dc23b7","message":"RedisSemanticCache.Get called","metadata":{"query":"You are a professional American stock investor named \"美股科技成长派\".\n\nYour investment belief is: 技术创新驱动长期价值，龙头企业享有估值溢价。\n\nInvestment style: growth, ai, tech\n\nPreferred sectors: 半导体, 云计算, 软件, AI\n\nInvestment decision framework:\n\n1. 赛道空间\n\n2. 竞争格局\n\n3. 管理层执行力\n\n4. 估值匹配\n\nPlease answer the following question based on the above identity: 近期市场走势如何？"}}
{"timestamp":"2026-06-04T14:09:44Z","level":"WARN","service":"stock_rag","trace_id":"e85bd495dc99be399e0dab949f3f6429","span_id":"f2c4522cd1dc23b7","message":"RedisSemanticCache embed query failed"}
{"timestamp":"2026-06-04T14:09:44Z","level":"INFO","service":"stock_rag","trace_id":"e85bd495dc99be399e0dab949f3f6429","span_id":"82713c7b352f498b","message":"Eino component started","metadata":{"component":"Chain","node_name":"","node_type":""}}
{"timestamp":"2026-06-04T14:09:44Z","level":"INFO","service":"stock_rag","trace_id":"e85bd495dc99be399e0dab949f3f6429","span_id":"88e1cdb4aa465a7b","message":"Eino component started","metadata":{"component":"Lambda","node_name":"","node_type":""}}
{"timestamp":"2026-06-04T14:09:44Z","level":"INFO","service":"stock_rag","trace_id":"e85bd495dc99be399e0dab949f3f6429","span_id":"88e1cdb4aa465a7b","message":"Eino component completed","metadata":{"component":"Lambda","node_name":""}}
{"timestamp":"2026-06-04T14:09:44Z","level":"INFO","service":"stock_rag","trace_id":"e85bd495dc99be399e0dab949f3f6429","span_id":"d17b430fef276af2","message":"Eino component started","metadata":{"component":"Lambda","node_name":"","node_type":""}}
{"timestamp":"2026-06-04T14:09:44Z","level":"INFO","service":"stock_rag","trace_id":"e85bd495dc99be399e0dab949f3f6429","span_id":"d17b430fef276af2","message":"Eino component completed","metadata":{"component":"Lambda","node_name":""}}
{"timestamp":"2026-06-04T14:09:44Z","level":"INFO","service":"stock_rag","trace_id":"e85bd495dc99be399e0dab949f3f6429","span_id":"f410843261c159b6","message":"Eino component started","metadata":{"component":"Lambda","node_name":"","node_type":""}}
{"timestamp":"2026-06-04T14:09:44Z","level":"INFO","service":"stock_rag","trace_id":"e85bd495dc99be399e0dab949f3f6429","span_id":"789da0734eff3c28","message":"Eino component started","metadata":{"component":"ChatTemplate","node_name":"","node_type":"Default"}}
{"timestamp":"2026-06-04T14:09:44Z","level":"INFO","service":"stock_rag","trace_id":"e85bd495dc99be399e0dab949f3f6429","span_id":"789da0734eff3c28","message":"Eino component completed","metadata":{"component":"ChatTemplate","node_name":""}}
{"timestamp":"2026-06-04T14:09:44Z","level":"INFO","service":"stock_rag","trace_id":"e85bd495dc99be399e0dab949f3f6429","span_id":"f410843261c159b6","message":"Eino component completed","metadata":{"component":"Lambda","node_name":""}}
{"timestamp":"2026-06-04T14:09:44Z","level":"INFO","service":"stock_rag","trace_id":"e85bd495dc99be399e0dab949f3f6429","span_id":"51bdf61e903017a0","message":"Eino component started","metadata":{"component":"Lambda","node_name":"","node_type":""}}
{"timestamp":"2026-06-04T14:09:44Z","level":"INFO","service":"stock_rag","trace_id":"e85bd495dc99be399e0dab949f3f6429","span_id":"465601eb5cae920f","message":"Eino component started","metadata":{"component":"ChatModel","node_name":"","node_type":"Ark"}}
{"timestamp":"2026-06-04T14:09:50Z","level":"INFO","service":"stock_rag","trace_id":"e85bd495dc99be399e0dab949f3f6429","span_id":"465601eb5cae920f","message":"Eino component completed","metadata":{"component":"ChatModel","node_name":""}}
{"timestamp":"2026-06-04T14:09:50Z","level":"INFO","service":"stock_rag","trace_id":"e85bd495dc99be399e0dab949f3f6429","span_id":"51bdf61e903017a0","message":"Eino component completed","metadata":{"component":"Lambda","node_name":""}}
{"timestamp":"2026-06-04T14:09:50Z","level":"INFO","service":"stock_rag","trace_id":"e85bd495dc99be399e0dab949f3f6429","span_id":"940f68c6f1bc5084","message":"Eino component started","metadata":{"component":"Lambda","node_name":"","node_type":""}}
{"timestamp":"2026-06-04T14:09:50Z","level":"INFO","service":"stock_rag","trace_id":"e85bd495dc99be399e0dab949f3f6429","span_id":"940f68c6f1bc5084","message":"Eino component completed","metadata":{"component":"Lambda","node_name":""}}
{"timestamp":"2026-06-04T14:09:50Z","level":"INFO","service":"stock_rag","trace_id":"e85bd495dc99be399e0dab949f3f6429","span_id":"4b5f2d2a7bbb9535","message":"Eino component started","metadata":{"component":"Lambda","node_name":"","node_type":""}}
{"timestamp":"2026-06-04T14:09:50Z","level":"INFO","service":"stock_rag","trace_id":"e85bd495dc99be399e0dab949f3f6429","span_id":"4b5f2d2a7bbb9535","message":"Eino component completed","metadata":{"component":"Lambda","node_name":""}}
{"timestamp":"2026-06-04T14:09:50Z","level":"INFO","service":"stock_rag","trace_id":"e85bd495dc99be399e0dab949f3f6429","span_id":"82713c7b352f498b","message":"Eino component completed","metadata":{"component":"Chain","node_name":""}}
{"timestamp":"2026-06-04T14:09:50Z","level":"DEBUG","service":"stock_rag","trace_id":"e85bd495dc99be399e0dab949f3f6429","span_id":"f2c4522cd1dc23b7","message":"RedisSemanticCache.Set called","metadata":{"query":"You are a professional American stock investor named \"美股科技成长派\".\n\nYour investment belief is: 技术创新驱动长期价值，龙头企业享有估值溢价。\n\nInvestment style: growth, ai, tech\n\nPreferred sectors: 半导体, 云计算, 软件, AI\n\nInvestment decision framework:\n\n1. 赛道空间\n\n2. 竞争格局\n\n3. 管理层执行力\n\n4. 估值匹配\n\nPlease answer the following question based on the above identity: 近期市场走势如何？"}}
{"timestamp":"2026-06-04T14:09:50Z","level":"WARN","service":"stock_rag","trace_id":"e85bd495dc99be399e0dab949f3f6429","span_id":"f2c4522cd1dc23b7","message":"RedisSemanticCache embed query failed"}
{"timestamp":"2026-06-04T14:09:50Z","level":"INFO","service":"stock_rag","trace_id":"e85bd495dc99be399e0dab949f3f6429","span_id":"f2c4522cd1dc23b7","request_id":"persona-chat-1780582184018309000","message":"Persona chat completed","latency_ms":6409,"metadata":{"citation_count":0,"feature":"persona","mode":"chat","persona_id":"us_growth_tech","question_hash":"aa9bd3309ff15f60","question_len":27,"status":"success","stock_code":""}}
{"timestamp":"2026-06-04T14:09:50Z","level":"INFO","service":"stock_rag","trace_id":"e85bd495dc99be399e0dab949f3f6429","span_id":"f2c4522cd1dc23b7","request_id":"persona-chat-1780582184018309000","message":"Persona chat handler completed","latency_ms":6409,"metadata":{"feature":"persona","mode":"chat","persona_id":"us_growth_tech"}}
{"timestamp":"2026-06-04T14:09:50Z","level":"INFO","service":"stock_rag","trace_id":"e85bd495dc99be399e0dab949f3f6429","span_id":"1da145e7f016e700","message":"http_request","latency_ms":6413,"metadata":{"method":"POST","path":"/api/personas/chat","status":200}}
{"timestamp":"2026-06-04T14:12:24Z","level":"INFO","service":"stock_rag","trace_id":"e500a5aa5bc32a25b3b3191b51c42ed7","span_id":"701586f29757f2f3","message":"http_request","latency_ms":1,"metadata":{"method":"GET","path":"/","status":200}}
{"timestamp":"2026-06-04T14:12:26Z","level":"INFO","service":"stock_rag","trace_id":"d288dfbdc6e0645474febd3c671ec4a4","span_id":"993797404418e8c6","message":"http_request","latency_ms":1,"metadata":{"method":"GET","path":"/personas.html","status":200}}
{"timestamp":"2026-06-04T14:12:26Z","level":"INFO","service":"stock_rag","trace_id":"7ecb432e669cd0a856e82d5cc148b4a2","span_id":"bbc8282a5c21ca2c","message":"http_request","metadata":{"method":"GET","path":"/css/app.css","status":200}}
{"timestamp":"2026-06-04T14:12:26Z","level":"INFO","service":"stock_rag","trace_id":"596e10b49543782a951b061aaf961473","span_id":"21ea2cc335709473","message":"http_request","latency_ms":2,"metadata":{"method":"GET","path":"/js/persona-api.js","status":200}}
{"timestamp":"2026-06-04T14:12:26Z","level":"INFO","service":"stock_rag","trace_id":"4ecb559711f25b9b73a45b3614288793","span_id":"3632ad01637c0452","message":"http_request","latency_ms":2,"metadata":{"method":"GET","path":"/js/auth.js","status":200}}
{"timestamp":"2026-06-04T14:12:26Z","level":"INFO","service":"stock_rag","trace_id":"4b4299d57850f67228ccd063199921ff","span_id":"07b386359d9795d8","message":"http_request","latency_ms":3,"metadata":{"method":"GET","path":"/css/persona.css","status":200}}
{"timestamp":"2026-06-04T14:12:27Z","level":"INFO","service":"stock_rag","trace_id":"630fd39577688640c739a6f666bbb4dc","span_id":"c183575de498a65f","message":"http_request","latency_ms":1,"metadata":{"method":"GET","path":"/login.html","status":200}}
{"timestamp":"2026-06-04T14:12:27Z","level":"INFO","service":"stock_rag","trace_id":"cb0ec4408a76d5635a8fc9589f03af67","span_id":"049f64dce3e838b4","message":"http_request","latency_ms":1,"metadata":{"method":"GET","path":"/css/app.css","status":200}}
{"timestamp":"2026-06-04T14:12:52Z","level":"INFO","service":"stock_rag","trace_id":"21ebb6a4af092c0ce4c9be5fec84aacc","span_id":"04b1c0de83e79bbc","message":"audit event","error":"用户不存在","metadata":{"action":"auth.login","audit":true,"method":"POST","path":"/api/auth/login","remote_addr":"[::1]:63082","result":"failure","username":"testuser"}}
{"timestamp":"2026-06-04T14:12:52Z","level":"INFO","service":"stock_rag","trace_id":"21ebb6a4af092c0ce4c9be5fec84aacc","span_id":"04b1c0de83e79bbc","message":"http_request","latency_ms":6,"metadata":{"method":"POST","path":"/api/auth/login","status":401}}
{"timestamp":"2026-06-04T14:12:56Z","level":"INFO","service":"stock_rag","trace_id":"7d3b890b00a8b3afb8d4ea97276e4722","span_id":"178b7cdcf20ad979","message":"audit event","metadata":{"action":"auth.register","audit":true,"method":"POST","path":"/api/auth/register","remote_addr":"[::1]:63095","result":"success","user_id":"79f88a4e-492b-46e3-96a9-910b20f5458e","username":"uiview"}}
{"timestamp":"2026-06-04T14:12:56Z","level":"INFO","service":"stock_rag","trace_id":"7d3b890b00a8b3afb8d4ea97276e4722","span_id":"178b7cdcf20ad979","message":"http_request","latency_ms":83,"metadata":{"method":"POST","path":"/api/auth/register","status":200}}
{"timestamp":"2026-06-04T14:12:56Z","level":"INFO","service":"stock_rag","trace_id":"b961fcb47d2eee0527d4a90862bf0d0a","span_id":"aca6283f28dbf28f","message":"audit event","metadata":{"action":"auth.login","audit":true,"method":"POST","path":"/api/auth/login","remote_addr":"[::1]:63096","result":"success","user_id":"79f88a4e-492b-46e3-96a9-910b20f5458e","username":"uiview"}}
{"timestamp":"2026-06-04T14:12:56Z","level":"INFO","service":"stock_rag","trace_id":"b961fcb47d2eee0527d4a90862bf0d0a","span_id":"aca6283f28dbf28f","message":"http_request","latency_ms":53,"metadata":{"method":"POST","path":"/api/auth/login","status":200}}
{"timestamp":"2026-06-04T14:13:00Z","level":"INFO","service":"stock_rag","trace_id":"e968610814ce846b504a4d553ac3c11b","span_id":"3a23131ded6bb646","message":"audit event","metadata":{"action":"auth.login","audit":true,"method":"POST","path":"/api/auth/login","remote_addr":"[::1]:63104","result":"success","user_id":"79f88a4e-492b-46e3-96a9-910b20f5458e","username":"uiview"}}
{"timestamp":"2026-06-04T14:13:00Z","level":"INFO","service":"stock_rag","trace_id":"e968610814ce846b504a4d553ac3c11b","span_id":"3a23131ded6bb646","message":"http_request","latency_ms":67,"metadata":{"method":"POST","path":"/api/auth/login","status":200}}
{"timestamp":"2026-06-04T14:13:04Z","level":"INFO","service":"stock_rag","trace_id":"4010c0e7420a7833f75c38aa0d34fd99","span_id":"c8e384a5e13c633e","message":"audit event","metadata":{"action":"auth.login","audit":true,"method":"POST","path":"/api/auth/login","remote_addr":"[::1]:63109","result":"success","user_id":"79f88a4e-492b-46e3-96a9-910b20f5458e","username":"uiview"}}
{"timestamp":"2026-06-04T14:13:04Z","level":"INFO","service":"stock_rag","trace_id":"4010c0e7420a7833f75c38aa0d34fd99","span_id":"c8e384a5e13c633e","message":"http_request","latency_ms":60,"metadata":{"method":"POST","path":"/api/auth/login","status":200}}
{"timestamp":"2026-06-04T14:13:04Z","level":"INFO","service":"stock_rag","trace_id":"d4df83d17d1f16e9f7cb9d9652f57c34","span_id":"96106d0db4e06b57","message":"http_request","metadata":{"method":"GET","path":"/api/personas","status":200}}
{"timestamp":"2026-06-04T14:13:34Z","level":"INFO","service":"stock_rag","trace_id":"d2f8e9108e9a524a2b350031076aecf4","span_id":"100bcf094f2fad92","message":"audit event","metadata":{"action":"auth.login","audit":true,"method":"POST","path":"/api/auth/login","remote_addr":"[::1]:63185","result":"success","user_id":"79f88a4e-492b-46e3-96a9-910b20f5458e","username":"uiview"}}
{"timestamp":"2026-06-04T14:13:34Z","level":"INFO","service":"stock_rag","trace_id":"d2f8e9108e9a524a2b350031076aecf4","span_id":"100bcf094f2fad92","message":"http_request","latency_ms":78,"metadata":{"method":"POST","path":"/api/auth/login","status":200}}
{"timestamp":"2026-06-04T14:13:34Z","level":"INFO","service":"stock_rag","trace_id":"5b93f4168225874a601efb1f658acb8f","span_id":"baf9d6ddf53837ad","message":"http_request","latency_ms":2,"metadata":{"method":"GET","path":"/api/auth/me","status":200}}
{"timestamp":"2026-06-04T14:13:34Z","level":"INFO","service":"stock_rag","trace_id":"5bfcdc0800656243c605733b9b0e1347","span_id":"1c26c4be651415a9","message":"http_request","latency_ms":1,"metadata":{"method":"GET","path":"/api/personas","status":200}}
{"timestamp":"2026-06-04T14:13:58Z","level":"INFO","service":"stock_rag","trace_id":"c3e8303ec7501bb5f95771d677d6595c","span_id":"fc6b5005acd6024a","message":"http_request","latency_ms":1,"metadata":{"method":"GET","path":"/persona-detail.html","status":200}}
{"timestamp":"2026-06-04T14:13:58Z","level":"INFO","service":"stock_rag","trace_id":"254a298d22abf34009caa42362a66805","span_id":"14c2ff5df919a0d5","message":"http_request","latency_ms":3,"metadata":{"method":"GET","path":"/api/auth/me","status":200}}
{"timestamp":"2026-06-04T14:13:58Z","level":"INFO","service":"stock_rag","trace_id":"9d48d3d8c4b938028743fa174c9a1d92","span_id":"2a7c8728d724e236","message":"http_request","latency_ms":1,"metadata":{"method":"GET","path":"/api/personas/us_growth_tech","status":200}}
{"timestamp":"2026-06-04T14:14:07Z","level":"INFO","service":"stock_rag","message":"structured logging ready","metadata":{"log_file":"logs/app.log"}}
{"timestamp":"2026-06-04T14:14:17Z","level":"INFO","service":"stock_rag","trace_id":"40ba4f9fe86b2fe35e3ff4283509a392","span_id":"0b737da7a5283219","message":"http_request","latency_ms":1,"metadata":{"method":"GET","path":"/persona-daily-picks.html","status":200}}
{"timestamp":"2026-06-04T14:14:17Z","level":"INFO","service":"stock_rag","trace_id":"b217ff53267644a65187a43fbca96ab1","span_id":"343be6f0180fa641","message":"http_request","latency_ms":4,"metadata":{"method":"GET","path":"/api/auth/me","status":200}}
{"timestamp":"2026-06-04T14:14:17Z","level":"INFO","service":"stock_rag","trace_id":"98d422f90bf1f964e764360fd4baa583","span_id":"4b87a8b5b096dce1","message":"http_request","metadata":{"method":"GET","path":"/api/personas/daily-picks","status":200}}
{"timestamp":"2026-06-04T14:14:34Z","level":"INFO","service":"stock_rag","trace_id":"9805c92466dd19d86f6a6c5e052ba33b","span_id":"be9c80b2d76b9432","message":"http_request","latency_ms":1,"metadata":{"method":"GET","path":"/index.html","status":301}}
{"timestamp":"2026-06-04T14:14:34Z","level":"INFO","service":"stock_rag","trace_id":"7007bb4df5f8094773006b17ae4fb49e","span_id":"df884256b1a79ccd","message":"http_request","metadata":{"method":"GET","path":"/","status":200}}
{"timestamp":"2026-06-04T14:14:34Z","level":"INFO","service":"stock_rag","trace_id":"f54eba1353330f73a9862686c5ba7f98","span_id":"0b4c4a7e87424771","message":"http_request","latency_ms":1,"metadata":{"method":"GET","path":"/css/app.css","status":200}}
{"timestamp":"2026-06-04T14:14:34Z","level":"INFO","service":"stock_rag","trace_id":"87dc7bae8151cafbd2a5f4a1247881ee","span_id":"343f37331af00146","message":"http_request","latency_ms":1,"metadata":{"method":"GET","path":"/js/vendor/marked.min.js","status":200}}
{"timestamp":"2026-06-04T14:14:34Z","level":"INFO","service":"stock_rag","trace_id":"680684d33db46b0a6e17b724d9dd45c7","span_id":"9fd7c963e8002197","message":"http_request","latency_ms":1,"metadata":{"method":"GET","path":"/js/markdown.js","status":200}}
{"timestamp":"2026-06-04T14:14:34Z","level":"INFO","service":"stock_rag","trace_id":"b0a6ae4b6f8d1bffd1986da2bbf8c544","span_id":"7abe19bb6bb90429","message":"http_request","latency_ms":1,"metadata":{"method":"GET","path":"/js/vendor/purify.min.js","status":200}}
{"timestamp":"2026-06-04T14:14:34Z","level":"INFO","service":"stock_rag","trace_id":"493a258eaae24df47e98e8eccfaac7a2","span_id":"486ff32bd1b05e33","message":"http_request","latency_ms":3,"metadata":{"method":"GET","path":"/js/chat-app.js","status":200}}
{"timestamp":"2026-06-04T14:14:34Z","level":"INFO","service":"stock_rag","trace_id":"8bffa33060708eaa7d72044ff82ccc0f","span_id":"142cbc350a7ad142","message":"http_request","latency_ms":2,"metadata":{"method":"GET","path":"/api/auth/me","status":200}}
{"timestamp":"2026-06-04T14:14:34Z","level":"INFO","service":"stock_rag","trace_id":"d6e2f3383d44e7a3a414dbff1ac3dfd3","span_id":"3807d202c810b2bc","message":"http_request","latency_ms":4,"metadata":{"method":"GET","path":"/api/conversations","status":200}}
{"timestamp":"2026-06-04T14:15:02Z","level":"INFO","service":"stock_rag","trace_id":"cee1d018fbbcd1e4057953f49b690b9f","span_id":"d7ea3ceef0969820","message":"http_request","latency_ms":9,"metadata":{"method":"GET","path":"/persona-roundtable.html","status":200}}
{"timestamp":"2026-06-04T14:15:02Z","level":"INFO","service":"stock_rag","trace_id":"e55026855eb5592d6e1be4ef579864dc","span_id":"aba851cc44589519","message":"http_request","latency_ms":3,"metadata":{"method":"GET","path":"/api/auth/me","status":200}}
{"timestamp":"2026-06-04T14:15:02Z","level":"INFO","service":"stock_rag","trace_id":"b231231d973431ca9d466cb966145dd2","span_id":"a724bc9e3eb87565","message":"http_request","latency_ms":1,"metadata":{"method":"GET","path":"/api/personas","status":200}}
{"timestamp":"2026-06-04T14:16:11Z","level":"INFO","service":"stock_rag","trace_id":"fe8115f383c4eb56da88a8cb1e24dc6d","span_id":"67e73e78ea5e3337","message":"http_request","latency_ms":2,"metadata":{"method":"GET","path":"/api/auth/me","status":200}}
{"timestamp":"2026-06-04T14:16:11Z","level":"INFO","service":"stock_rag","trace_id":"a43c7c4e876ea36c8cc5ff0c75123168","span_id":"f7accd9448ee21ab","message":"http_request","metadata":{"method":"GET","path":"/api/personas/daily-picks","status":200}}
{"timestamp":"2026-06-04T14:16:11Z","level":"INFO","service":"stock_rag","trace_id":"7515c25389558fc90fd14fa51c680d43","span_id":"7583bff5ff634605","message":"http_request","latency_ms":2,"metadata":{"method":"GET","path":"/api/auth/me","status":200}}
{"timestamp":"2026-06-04T14:16:11Z","level":"INFO","service":"stock_rag","trace_id":"691213f363f026c3da6b07ee5ea8c1fa","span_id":"091e116cecdd92c9","message":"http_request","metadata":{"method":"GET","path":"/api/personas/us_growth_tech","status":200}}
{"timestamp":"2026-06-04T14:16:25Z","level":"INFO","service":"stock_rag","trace_id":"041c9e54be6e4230156d06bedc63815d","span_id":"a1fcae6a385f33d6","message":"http_request","latency_ms":2,"metadata":{"method":"GET","path":"/persona-daily-picks.html","status":200}}
{"timestamp":"2026-06-04T14:16:25Z","level":"INFO","service":"stock_rag","trace_id":"98bfe6a9814196f3283c2a81c7cd9d6a","span_id":"6d894c815a856a06","message":"http_request","latency_ms":1,"metadata":{"method":"GET","path":"/css/app.css","status":200}}
{"timestamp":"2026-06-04T14:16:25Z","level":"INFO","service":"stock_rag","trace_id":"4b2ffb7129c9e8c8e06eeed327301b1a","span_id":"63b49e7b12cafaa5","message":"http_request","latency_ms":1,"metadata":{"method":"GET","path":"/css/persona.css","status":200}}
{"timestamp":"2026-06-04T14:16:25Z","level":"INFO","service":"stock_rag","trace_id":"9305e99ffdc1e434a2956723c0237e56","span_id":"37f73b608df964a0","message":"http_request","latency_ms":2,"metadata":{"method":"GET","path":"/api/auth/me","status":200}}
{"timestamp":"2026-06-04T14:16:25Z","level":"INFO","service":"stock_rag","trace_id":"ffa6099ca040b57bdb70ee447cd88d6c","span_id":"86b1a7eb29bd067c","message":"http_request","metadata":{"method":"GET","path":"/api/personas/daily-picks","status":200}}
{"timestamp":"2026-06-04T14:16:41Z","level":"INFO","service":"stock_rag","trace_id":"d176600d7f89cfa420fc6e0dab533ae0","span_id":"2b98235da453c451","message":"http_request","latency_ms":2,"metadata":{"method":"GET","path":"/persona-detail.html","status":200}}
{"timestamp":"2026-06-04T14:16:41Z","level":"INFO","service":"stock_rag","trace_id":"6830e096f338ac6883d853b8e43f553a","span_id":"dc5e9c0ceb8514cd","message":"http_request","latency_ms":1,"metadata":{"method":"GET","path":"/css/persona.css","status":304}}
{"timestamp":"2026-06-04T14:16:41Z","level":"INFO","service":"stock_rag","trace_id":"d26666a3b4632ae80418e41ec5a3e5f1","span_id":"8188e12b795c0e3f","message":"http_request","latency_ms":1,"metadata":{"method":"GET","path":"/css/app.css","status":304}}
{"timestamp":"2026-06-04T14:16:41Z","level":"INFO","service":"stock_rag","trace_id":"c028cd87cc116410f9b1e6e16da4c55c","span_id":"a85d86a977fb401d","message":"http_request","latency_ms":8,"metadata":{"method":"GET","path":"/api/auth/me","status":200}}
{"timestamp":"2026-06-04T14:16:41Z","level":"INFO","service":"stock_rag","trace_id":"12741aaf8e9b026609b2ee03bf08f29f","span_id":"888054fc128c2914","message":"http_request","metadata":{"method":"GET","path":"/api/personas/us_growth_tech","status":200}}
{"timestamp":"2026-06-04T14:17:07Z","level":"INFO","service":"stock_rag","trace_id":"0808b49f9bf5d6b904f1bc102787e63e","span_id":"8cae4bf5d7d7f1cb","message":"http_request","latency_ms":1,"metadata":{"method":"GET","path":"/persona-chat.html","status":200}}
{"timestamp":"2026-06-04T14:17:07Z","level":"INFO","service":"stock_rag","trace_id":"e0a24514f848e2e571760aefb587a143","span_id":"155859037ac2c1a6","message":"http_request","latency_ms":1,"metadata":{"method":"GET","path":"/css/persona.css","status":304}}
{"timestamp":"2026-06-04T14:17:07Z","level":"INFO","service":"stock_rag","trace_id":"cd4b1ad717bcb0ec17cff6318e37ac89","span_id":"63ef5eaf4f665c17","message":"http_request","latency_ms":1,"metadata":{"method":"GET","path":"/css/app.css","status":304}}
{"timestamp":"2026-06-04T14:17:07Z","level":"INFO","service":"stock_rag","trace_id":"b0ff83f0870594cb0fab7148f4564411","span_id":"7dd269962e49bef3","message":"http_request","latency_ms":3,"metadata":{"method":"GET","path":"/api/auth/me","status":200}}
{"timestamp":"2026-06-04T14:17:07Z","level":"INFO","service":"stock_rag","trace_id":"956c354b1f2390f9d6012acb363e919d","span_id":"5826ae51df5faff6","message":"http_request","metadata":{"method":"GET","path":"/api/personas/us_growth_tech","status":200}}
{"timestamp":"2026-06-04T14:17:20Z","level":"DEBUG","service":"stock_rag","trace_id":"f78da27bab16d7b6af24a51ba4e130f6","span_id":"6b23314d8749cc82","message":"RedisSemanticCache.Get called","metadata":{"query":"You are a professional American stock investor named \"美股科技成长派\".\n\nYour investment belief is: 技术创新驱动长期价值，龙头企业享有估值溢价。\n\nInvestment style: growth, ai, tech\n\nPreferred sectors: 半导体, 云计算, 软件, AI\n\nInvestment decision framework:\n\n1. 赛道空间\n\n2. 竞争格局\n\n3. 管理层执行力\n\n4. 估值匹配\n\nPlease answer the following question based on the above identity: 近期市场走势如何？"}}
{"timestamp":"2026-06-04T14:17:20Z","level":"WARN","service":"stock_rag","trace_id":"f78da27bab16d7b6af24a51ba4e130f6","span_id":"6b23314d8749cc82","message":"RedisSemanticCache embed query failed"}
{"timestamp":"2026-06-04T14:17:20Z","level":"INFO","service":"stock_rag","trace_id":"f78da27bab16d7b6af24a51ba4e130f6","span_id":"4290fb1b770828db","message":"Eino component started","metadata":{"component":"Chain","node_name":"","node_type":""}}
{"timestamp":"2026-06-04T14:17:20Z","level":"INFO","service":"stock_rag","trace_id":"f78da27bab16d7b6af24a51ba4e130f6","span_id":"aecb1cdf60b05d09","message":"Eino component started","metadata":{"component":"Lambda","node_name":"","node_type":""}}
{"timestamp":"2026-06-04T14:17:20Z","level":"INFO","service":"stock_rag","trace_id":"f78da27bab16d7b6af24a51ba4e130f6","span_id":"aecb1cdf60b05d09","message":"Eino component completed","metadata":{"component":"Lambda","node_name":""}}
{"timestamp":"2026-06-04T14:17:20Z","level":"INFO","service":"stock_rag","trace_id":"f78da27bab16d7b6af24a51ba4e130f6","span_id":"df98a4b01d9698db","message":"Eino component started","metadata":{"component":"Lambda","node_name":"","node_type":""}}
{"timestamp":"2026-06-04T14:17:20Z","level":"INFO","service":"stock_rag","trace_id":"f78da27bab16d7b6af24a51ba4e130f6","span_id":"df98a4b01d9698db","message":"Eino component completed","metadata":{"component":"Lambda","node_name":""}}
{"timestamp":"2026-06-04T14:17:20Z","level":"INFO","service":"stock_rag","trace_id":"f78da27bab16d7b6af24a51ba4e130f6","span_id":"16ff7421739b8b6d","message":"Eino component started","metadata":{"component":"Lambda","node_name":"","node_type":""}}
{"timestamp":"2026-06-04T14:17:20Z","level":"INFO","service":"stock_rag","trace_id":"f78da27bab16d7b6af24a51ba4e130f6","span_id":"2df6352d33fb7b61","message":"Eino component started","metadata":{"component":"ChatTemplate","node_name":"","node_type":"Default"}}
{"timestamp":"2026-06-04T14:17:20Z","level":"INFO","service":"stock_rag","trace_id":"f78da27bab16d7b6af24a51ba4e130f6","span_id":"2df6352d33fb7b61","message":"Eino component completed","metadata":{"component":"ChatTemplate","node_name":""}}
{"timestamp":"2026-06-04T14:17:20Z","level":"INFO","service":"stock_rag","trace_id":"f78da27bab16d7b6af24a51ba4e130f6","span_id":"16ff7421739b8b6d","message":"Eino component completed","metadata":{"component":"Lambda","node_name":""}}
{"timestamp":"2026-06-04T14:17:20Z","level":"INFO","service":"stock_rag","trace_id":"f78da27bab16d7b6af24a51ba4e130f6","span_id":"69e0e74f0f2feb9c","message":"Eino component started","metadata":{"component":"Lambda","node_name":"","node_type":""}}
{"timestamp":"2026-06-04T14:17:20Z","level":"INFO","service":"stock_rag","trace_id":"f78da27bab16d7b6af24a51ba4e130f6","span_id":"487b65c02b1dccf7","message":"Eino component started","metadata":{"component":"ChatModel","node_name":"","node_type":"Ark"}}
{"timestamp":"2026-06-04T14:17:26Z","level":"INFO","service":"stock_rag","trace_id":"f78da27bab16d7b6af24a51ba4e130f6","span_id":"487b65c02b1dccf7","message":"Eino component completed","metadata":{"component":"ChatModel","node_name":""}}
{"timestamp":"2026-06-04T14:17:26Z","level":"INFO","service":"stock_rag","trace_id":"f78da27bab16d7b6af24a51ba4e130f6","span_id":"69e0e74f0f2feb9c","message":"Eino component completed","metadata":{"component":"Lambda","node_name":""}}
{"timestamp":"2026-06-04T14:17:26Z","level":"INFO","service":"stock_rag","trace_id":"f78da27bab16d7b6af24a51ba4e130f6","span_id":"3016137360bbb64e","message":"Eino component started","metadata":{"component":"Lambda","node_name":"","node_type":""}}
{"timestamp":"2026-06-04T14:17:26Z","level":"INFO","service":"stock_rag","trace_id":"f78da27bab16d7b6af24a51ba4e130f6","span_id":"3016137360bbb64e","message":"Eino component completed","metadata":{"component":"Lambda","node_name":""}}
{"timestamp":"2026-06-04T14:17:26Z","level":"INFO","service":"stock_rag","trace_id":"f78da27bab16d7b6af24a51ba4e130f6","span_id":"ebf4052edea6eaa9","message":"Eino component started","metadata":{"component":"Lambda","node_name":"","node_type":""}}
{"timestamp":"2026-06-04T14:17:26Z","level":"INFO","service":"stock_rag","trace_id":"f78da27bab16d7b6af24a51ba4e130f6","span_id":"ebf4052edea6eaa9","message":"Eino component completed","metadata":{"component":"Lambda","node_name":""}}
{"timestamp":"2026-06-04T14:17:26Z","level":"INFO","service":"stock_rag","trace_id":"f78da27bab16d7b6af24a51ba4e130f6","span_id":"4290fb1b770828db","message":"Eino component completed","metadata":{"component":"Chain","node_name":""}}
{"timestamp":"2026-06-04T14:17:26Z","level":"DEBUG","service":"stock_rag","trace_id":"f78da27bab16d7b6af24a51ba4e130f6","span_id":"6b23314d8749cc82","message":"RedisSemanticCache.Set called","metadata":{"query":"You are a professional American stock investor named \"美股科技成长派\".\n\nYour investment belief is: 技术创新驱动长期价值，龙头企业享有估值溢价。\n\nInvestment style: growth, ai, tech\n\nPreferred sectors: 半导体, 云计算, 软件, AI\n\nInvestment decision framework:\n\n1. 赛道空间\n\n2. 竞争格局\n\n3. 管理层执行力\n\n4. 估值匹配\n\nPlease answer the following question based on the above identity: 近期市场走势如何？"}}
{"timestamp":"2026-06-04T14:17:26Z","level":"WARN","service":"stock_rag","trace_id":"f78da27bab16d7b6af24a51ba4e130f6","span_id":"6b23314d8749cc82","message":"RedisSemanticCache embed query failed"}
{"timestamp":"2026-06-04T14:17:26Z","level":"INFO","service":"stock_rag","trace_id":"f78da27bab16d7b6af24a51ba4e130f6","span_id":"6b23314d8749cc82","request_id":"persona-chat-1780582640298879000","message":"Persona chat completed","latency_ms":6556,"metadata":{"citation_count":0,"feature":"persona","mode":"chat","persona_id":"us_growth_tech","question_hash":"aa9bd3309ff15f60","question_len":27,"status":"success","stock_code":""}}
{"timestamp":"2026-06-04T14:17:26Z","level":"INFO","service":"stock_rag","trace_id":"f78da27bab16d7b6af24a51ba4e130f6","span_id":"6b23314d8749cc82","request_id":"persona-chat-1780582640298879000","message":"Persona chat handler completed","latency_ms":6556,"metadata":{"feature":"persona","mode":"chat","persona_id":"us_growth_tech"}}
{"timestamp":"2026-06-04T14:17:26Z","level":"INFO","service":"stock_rag","trace_id":"f78da27bab16d7b6af24a51ba4e130f6","span_id":"f46fba3407ba6b26","message":"http_request","latency_ms":6562,"metadata":{"method":"POST","path":"/api/personas/chat","status":200}}
{"timestamp":"2026-06-04T14:19:12Z","level":"INFO","service":"stock_rag","trace_id":"77d18e3fd761f45c23bd128aba6d39f2","span_id":"e56cf3fac580b355","message":"http_request","latency_ms":1,"metadata":{"method":"GET","path":"/persona-chat.html","status":200}}
{"timestamp":"2026-06-04T14:19:12Z","level":"INFO","service":"stock_rag","trace_id":"aff470623bc71ad7a07c43456be514e3","span_id":"9fd16b2cf1f2626d","message":"http_request","metadata":{"method":"GET","path":"/css/persona.css","status":200}}
{"timestamp":"2026-06-04T14:19:12Z","level":"INFO","service":"stock_rag","trace_id":"a01e7c786b9d1b52a5354089a1f623a7","span_id":"f753311c198bfb14","message":"http_request","metadata":{"method":"GET","path":"/css/app.css","status":304}}
{"timestamp":"2026-06-04T14:19:12Z","level":"INFO","service":"stock_rag","trace_id":"5d7e675f8b4177771aed5fe85de7ea5d","span_id":"d3428dd776bf6650","message":"http_request","latency_ms":6,"metadata":{"method":"GET","path":"/api/auth/me","status":200}}
{"timestamp":"2026-06-04T14:19:12Z","level":"INFO","service":"stock_rag","trace_id":"57568197e08949a8350c9ce816098d6b","span_id":"35346dee28199cc4","message":"http_request","metadata":{"method":"GET","path":"/api/personas/us_growth_tech","status":200}}
{"timestamp":"2026-06-04T14:19:22Z","level":"DEBUG","service":"stock_rag","trace_id":"3ac4d67685fc2e6c1c9d796ef4e06e17","span_id":"c21b84f25daac1fd","message":"RedisSemanticCache.Get called","metadata":{"query":"You are a professional American stock investor named \"美股科技成长派\".\n\nYour investment belief is: 技术创新驱动长期价值，龙头企业享有估值溢价。\n\nInvestment style: growth, ai, tech\n\nPreferred sectors: 半导体, 云计算, 软件, AI\n\nInvestment decision framework:\n\n1. 赛道空间\n\n2. 竞争格局\n\n3. 管理层执行力\n\n4. 估值匹配\n\nPlease answer the following question based on the above identity: 近期市场走势如何？"}}
{"timestamp":"2026-06-04T14:19:22Z","level":"WARN","service":"stock_rag","trace_id":"3ac4d67685fc2e6c1c9d796ef4e06e17","span_id":"c21b84f25daac1fd","message":"RedisSemanticCache embed query failed"}
{"timestamp":"2026-06-04T14:19:22Z","level":"INFO","service":"stock_rag","trace_id":"3ac4d67685fc2e6c1c9d796ef4e06e17","span_id":"e4def1201c54c5d3","message":"Eino component started","metadata":{"component":"Chain","node_name":"","node_type":""}}
{"timestamp":"2026-06-04T14:19:22Z","level":"INFO","service":"stock_rag","trace_id":"3ac4d67685fc2e6c1c9d796ef4e06e17","span_id":"c194b3020dc1e345","message":"Eino component started","metadata":{"component":"Lambda","node_name":"","node_type":""}}
{"timestamp":"2026-06-04T14:19:22Z","level":"INFO","service":"stock_rag","trace_id":"3ac4d67685fc2e6c1c9d796ef4e06e17","span_id":"c194b3020dc1e345","message":"Eino component completed","metadata":{"component":"Lambda","node_name":""}}
{"timestamp":"2026-06-04T14:19:22Z","level":"INFO","service":"stock_rag","trace_id":"3ac4d67685fc2e6c1c9d796ef4e06e17","span_id":"d158629687878332","message":"Eino component started","metadata":{"component":"Lambda","node_name":"","node_type":""}}
{"timestamp":"2026-06-04T14:19:22Z","level":"INFO","service":"stock_rag","trace_id":"3ac4d67685fc2e6c1c9d796ef4e06e17","span_id":"d158629687878332","message":"Eino component completed","metadata":{"component":"Lambda","node_name":""}}
{"timestamp":"2026-06-04T14:19:22Z","level":"INFO","service":"stock_rag","trace_id":"3ac4d67685fc2e6c1c9d796ef4e06e17","span_id":"e77cf3bce046332b","message":"Eino component started","metadata":{"component":"Lambda","node_name":"","node_type":""}}
{"timestamp":"2026-06-04T14:19:22Z","level":"INFO","service":"stock_rag","trace_id":"3ac4d67685fc2e6c1c9d796ef4e06e17","span_id":"fa6d9ecdff834726","message":"Eino component started","metadata":{"component":"ChatTemplate","node_name":"","node_type":"Default"}}
{"timestamp":"2026-06-04T14:19:22Z","level":"INFO","service":"stock_rag","trace_id":"3ac4d67685fc2e6c1c9d796ef4e06e17","span_id":"fa6d9ecdff834726","message":"Eino component completed","metadata":{"component":"ChatTemplate","node_name":""}}
{"timestamp":"2026-06-04T14:19:22Z","level":"INFO","service":"stock_rag","trace_id":"3ac4d67685fc2e6c1c9d796ef4e06e17","span_id":"e77cf3bce046332b","message":"Eino component completed","metadata":{"component":"Lambda","node_name":""}}
{"timestamp":"2026-06-04T14:19:22Z","level":"INFO","service":"stock_rag","trace_id":"3ac4d67685fc2e6c1c9d796ef4e06e17","span_id":"68afbdceded38b25","message":"Eino component started","metadata":{"component":"Lambda","node_name":"","node_type":""}}
{"timestamp":"2026-06-04T14:19:22Z","level":"INFO","service":"stock_rag","trace_id":"3ac4d67685fc2e6c1c9d796ef4e06e17","span_id":"94baffa4bcc612fc","message":"Eino component started","metadata":{"component":"ChatModel","node_name":"","node_type":"Ark"}}
{"timestamp":"2026-06-04T14:19:29Z","level":"INFO","service":"stock_rag","trace_id":"3ac4d67685fc2e6c1c9d796ef4e06e17","span_id":"94baffa4bcc612fc","message":"Eino component completed","metadata":{"component":"ChatModel","node_name":""}}
{"timestamp":"2026-06-04T14:19:29Z","level":"INFO","service":"stock_rag","trace_id":"3ac4d67685fc2e6c1c9d796ef4e06e17","span_id":"68afbdceded38b25","message":"Eino component completed","metadata":{"component":"Lambda","node_name":""}}
{"timestamp":"2026-06-04T14:19:29Z","level":"INFO","service":"stock_rag","trace_id":"3ac4d67685fc2e6c1c9d796ef4e06e17","span_id":"08fabd9faea2e71c","message":"Eino component started","metadata":{"component":"Lambda","node_name":"","node_type":""}}
{"timestamp":"2026-06-04T14:19:29Z","level":"INFO","service":"stock_rag","trace_id":"3ac4d67685fc2e6c1c9d796ef4e06e17","span_id":"08fabd9faea2e71c","message":"Eino component completed","metadata":{"component":"Lambda","node_name":""}}
{"timestamp":"2026-06-04T14:19:29Z","level":"INFO","service":"stock_rag","trace_id":"3ac4d67685fc2e6c1c9d796ef4e06e17","span_id":"a5353f95fbaaa020","message":"Eino component started","metadata":{"component":"Lambda","node_name":"","node_type":""}}
{"timestamp":"2026-06-04T14:19:29Z","level":"INFO","service":"stock_rag","trace_id":"3ac4d67685fc2e6c1c9d796ef4e06e17","span_id":"a5353f95fbaaa020","message":"Eino component completed","metadata":{"component":"Lambda","node_name":""}}
{"timestamp":"2026-06-04T14:19:29Z","level":"INFO","service":"stock_rag","trace_id":"3ac4d67685fc2e6c1c9d796ef4e06e17","span_id":"e4def1201c54c5d3","message":"Eino component completed","metadata":{"component":"Chain","node_name":""}}
{"timestamp":"2026-06-04T14:19:29Z","level":"DEBUG","service":"stock_rag","trace_id":"3ac4d67685fc2e6c1c9d796ef4e06e17","span_id":"c21b84f25daac1fd","message":"RedisSemanticCache.Set called","metadata":{"query":"You are a professional American stock investor named \"美股科技成长派\".\n\nYour investment belief is: 技术创新驱动长期价值，龙头企业享有估值溢价。\n\nInvestment style: growth, ai, tech\n\nPreferred sectors: 半导体, 云计算, 软件, AI\n\nInvestment decision framework:\n\n1. 赛道空间\n\n2. 竞争格局\n\n3. 管理层执行力\n\n4. 估值匹配\n\nPlease answer the following question based on the above identity: 近期市场走势如何？"}}
{"timestamp":"2026-06-04T14:19:29Z","level":"WARN","service":"stock_rag","trace_id":"3ac4d67685fc2e6c1c9d796ef4e06e17","span_id":"c21b84f25daac1fd","message":"RedisSemanticCache embed query failed"}
{"timestamp":"2026-06-04T14:19:29Z","level":"INFO","service":"stock_rag","trace_id":"3ac4d67685fc2e6c1c9d796ef4e06e17","span_id":"c21b84f25daac1fd","request_id":"persona-chat-1780582762676811000","message":"Persona chat completed","latency_ms":7157,"metadata":{"citation_count":0,"feature":"persona","mode":"chat","persona_id":"us_growth_tech","question_hash":"aa9bd3309ff15f60","question_len":27,"status":"success","stock_code":""}}
{"timestamp":"2026-06-04T14:19:29Z","level":"INFO","service":"stock_rag","trace_id":"3ac4d67685fc2e6c1c9d796ef4e06e17","span_id":"c21b84f25daac1fd","request_id":"persona-chat-1780582762676811000","message":"Persona chat handler completed","latency_ms":7157,"metadata":{"feature":"persona","mode":"chat","persona_id":"us_growth_tech"}}
{"timestamp":"2026-06-04T14:19:29Z","level":"INFO","service":"stock_rag","trace_id":"3ac4d67685fc2e6c1c9d796ef4e06e17","span_id":"270fafefea1dffa8","message":"http_request","latency_ms":7164,"metadata":{"method":"POST","path":"/api/personas/chat","status":200}}
{"timestamp":"2026-06-04T14:21:29Z","level":"INFO","service":"stock_rag","trace_id":"98d5fb2108f5e96afc8a8ac494d9a2af","span_id":"de93907f7d3599a3","message":"http_request","latency_ms":2,"metadata":{"method":"GET","path":"/persona-chat.html","status":200}}
{"timestamp":"2026-06-04T14:21:29Z","level":"INFO","service":"stock_rag","trace_id":"284519af3ae6fbf42ecec79c00615fac","span_id":"ea2ee22eef98209d","message":"http_request","metadata":{"method":"GET","path":"/css/persona.css","status":304}}
{"timestamp":"2026-06-04T14:21:29Z","level":"INFO","service":"stock_rag","trace_id":"7c7931a4605fec9d5806ac9621fb456c","span_id":"06b4421116cfb75c","message":"http_request","metadata":{"method":"GET","path":"/css/app.css","status":304}}
{"timestamp":"2026-06-04T14:21:29Z","level":"INFO","service":"stock_rag","trace_id":"4fc6569c4ed153f587b5dfb55d4aacd6","span_id":"7ba1bdf5795307e3","message":"http_request","latency_ms":3,"metadata":{"method":"GET","path":"/api/auth/me","status":200}}
{"timestamp":"2026-06-04T14:21:29Z","level":"INFO","service":"stock_rag","trace_id":"7ee5290dafd97b10a257095710e957b6","span_id":"16a477b252daf8b0","message":"http_request","latency_ms":1,"metadata":{"method":"GET","path":"/api/personas/us_growth_tech","status":200}}
{"timestamp":"2026-06-04T14:21:31Z","level":"DEBUG","service":"stock_rag","trace_id":"d57fbd7a09cd9bfcae802e22df5dc843","span_id":"3c92d737edc6ddf0","message":"RedisSemanticCache.Get called","metadata":{"query":"You are a professional American stock investor named \"美股科技成长派\".\n\nYour investment belief is: 技术创新驱动长期价值，龙头企业享有估值溢价。\n\nInvestment style: growth, ai, tech\n\nPreferred sectors: 半导体, 云计算, 软件, AI\n\nInvestment decision framework:\n\n1. 赛道空间\n\n2. 竞争格局\n\n3. 管理层执行力\n\n4. 估值匹配\n\nPlease answer the following question based on the above identity: 近期市场走势如何？"}}
{"timestamp":"2026-06-04T14:21:31Z","level":"WARN","service":"stock_rag","trace_id":"d57fbd7a09cd9bfcae802e22df5dc843","span_id":"3c92d737edc6ddf0","message":"RedisSemanticCache embed query failed"}
{"timestamp":"2026-06-04T14:21:31Z","level":"INFO","service":"stock_rag","trace_id":"d57fbd7a09cd9bfcae802e22df5dc843","span_id":"30460ad1aa850439","message":"Eino component started","metadata":{"component":"Chain","node_name":"","node_type":""}}
{"timestamp":"2026-06-04T14:21:31Z","level":"INFO","service":"stock_rag","trace_id":"d57fbd7a09cd9bfcae802e22df5dc843","span_id":"d2e3c5e60e5849e0","message":"Eino component started","metadata":{"component":"Lambda","node_name":"","node_type":""}}
{"timestamp":"2026-06-04T14:21:31Z","level":"INFO","service":"stock_rag","trace_id":"d57fbd7a09cd9bfcae802e22df5dc843","span_id":"d2e3c5e60e5849e0","message":"Eino component completed","metadata":{"component":"Lambda","node_name":""}}
{"timestamp":"2026-06-04T14:21:31Z","level":"INFO","service":"stock_rag","trace_id":"d57fbd7a09cd9bfcae802e22df5dc843","span_id":"55faf8a043cda1ac","message":"Eino component started","metadata":{"component":"Lambda","node_name":"","node_type":""}}
{"timestamp":"2026-06-04T14:21:31Z","level":"INFO","service":"stock_rag","trace_id":"d57fbd7a09cd9bfcae802e22df5dc843","span_id":"55faf8a043cda1ac","message":"Eino component completed","metadata":{"component":"Lambda","node_name":""}}
{"timestamp":"2026-06-04T14:21:31Z","level":"INFO","service":"stock_rag","trace_id":"d57fbd7a09cd9bfcae802e22df5dc843","span_id":"0b7f9f998db0edb4","message":"Eino component started","metadata":{"component":"Lambda","node_name":"","node_type":""}}
{"timestamp":"2026-06-04T14:21:31Z","level":"INFO","service":"stock_rag","trace_id":"d57fbd7a09cd9bfcae802e22df5dc843","span_id":"4cb1839e23b6a64e","message":"Eino component started","metadata":{"component":"ChatTemplate","node_name":"","node_type":"Default"}}
{"timestamp":"2026-06-04T14:21:31Z","level":"INFO","service":"stock_rag","trace_id":"d57fbd7a09cd9bfcae802e22df5dc843","span_id":"4cb1839e23b6a64e","message":"Eino component completed","metadata":{"component":"ChatTemplate","node_name":""}}
{"timestamp":"2026-06-04T14:21:31Z","level":"INFO","service":"stock_rag","trace_id":"d57fbd7a09cd9bfcae802e22df5dc843","span_id":"0b7f9f998db0edb4","message":"Eino component completed","metadata":{"component":"Lambda","node_name":""}}
{"timestamp":"2026-06-04T14:21:31Z","level":"INFO","service":"stock_rag","trace_id":"d57fbd7a09cd9bfcae802e22df5dc843","span_id":"fac295c807d7647f","message":"Eino component started","metadata":{"component":"Lambda","node_name":"","node_type":""}}
{"timestamp":"2026-06-04T14:21:31Z","level":"INFO","service":"stock_rag","trace_id":"d57fbd7a09cd9bfcae802e22df5dc843","span_id":"677a10e57ae0c6da","message":"Eino component started","metadata":{"component":"ChatModel","node_name":"","node_type":"Ark"}}
{"timestamp":"2026-06-04T14:21:39Z","level":"INFO","service":"stock_rag","trace_id":"d57fbd7a09cd9bfcae802e22df5dc843","span_id":"677a10e57ae0c6da","message":"Eino component completed","metadata":{"component":"ChatModel","node_name":""}}
{"timestamp":"2026-06-04T14:21:39Z","level":"INFO","service":"stock_rag","trace_id":"d57fbd7a09cd9bfcae802e22df5dc843","span_id":"fac295c807d7647f","message":"Eino component completed","metadata":{"component":"Lambda","node_name":""}}
{"timestamp":"2026-06-04T14:21:39Z","level":"INFO","service":"stock_rag","trace_id":"d57fbd7a09cd9bfcae802e22df5dc843","span_id":"4ab7d6192d08c133","message":"Eino component started","metadata":{"component":"Lambda","node_name":"","node_type":""}}
{"timestamp":"2026-06-04T14:21:39Z","level":"INFO","service":"stock_rag","trace_id":"d57fbd7a09cd9bfcae802e22df5dc843","span_id":"4ab7d6192d08c133","message":"Eino component completed","metadata":{"component":"Lambda","node_name":""}}
{"timestamp":"2026-06-04T14:21:39Z","level":"INFO","service":"stock_rag","trace_id":"d57fbd7a09cd9bfcae802e22df5dc843","span_id":"2cb50ca4c49479bb","message":"Eino component started","metadata":{"component":"Lambda","node_name":"","node_type":""}}
{"timestamp":"2026-06-04T14:21:39Z","level":"INFO","service":"stock_rag","trace_id":"d57fbd7a09cd9bfcae802e22df5dc843","span_id":"2cb50ca4c49479bb","message":"Eino component completed","metadata":{"component":"Lambda","node_name":""}}
{"timestamp":"2026-06-04T14:21:39Z","level":"INFO","service":"stock_rag","trace_id":"d57fbd7a09cd9bfcae802e22df5dc843","span_id":"30460ad1aa850439","message":"Eino component completed","metadata":{"component":"Chain","node_name":""}}
{"timestamp":"2026-06-04T14:21:39Z","level":"DEBUG","service":"stock_rag","trace_id":"d57fbd7a09cd9bfcae802e22df5dc843","span_id":"3c92d737edc6ddf0","message":"RedisSemanticCache.Set called","metadata":{"query":"You are a professional American stock investor named \"美股科技成长派\".\n\nYour investment belief is: 技术创新驱动长期价值，龙头企业享有估值溢价。\n\nInvestment style: growth, ai, tech\n\nPreferred sectors: 半导体, 云计算, 软件, AI\n\nInvestment decision framework:\n\n1. 赛道空间\n\n2. 竞争格局\n\n3. 管理层执行力\n\n4. 估值匹配\n\nPlease answer the following question based on the above identity: 近期市场走势如何？"}}
{"timestamp":"2026-06-04T14:21:39Z","level":"WARN","service":"stock_rag","trace_id":"d57fbd7a09cd9bfcae802e22df5dc843","span_id":"3c92d737edc6ddf0","message":"RedisSemanticCache embed query failed"}
{"timestamp":"2026-06-04T14:21:39Z","level":"INFO","service":"stock_rag","trace_id":"d57fbd7a09cd9bfcae802e22df5dc843","span_id":"3c92d737edc6ddf0","request_id":"persona-chat-1780582891847118000","message":"Persona chat completed","latency_ms":7611,"metadata":{"citation_count":0,"feature":"persona","mode":"chat","persona_id":"us_growth_tech","question_hash":"aa9bd3309ff15f60","question_len":27,"status":"success","stock_code":""}}
{"timestamp":"2026-06-04T14:21:39Z","level":"INFO","service":"stock_rag","trace_id":"d57fbd7a09cd9bfcae802e22df5dc843","span_id":"3c92d737edc6ddf0","request_id":"persona-chat-1780582891847118000","message":"Persona chat handler completed","latency_ms":7611,"metadata":{"feature":"persona","mode":"chat","persona_id":"us_growth_tech"}}
{"timestamp":"2026-06-04T14:21:39Z","level":"INFO","service":"stock_rag","trace_id":"d57fbd7a09cd9bfcae802e22df5dc843","span_id":"295685bbcde2a5ea","message":"http_request","latency_ms":7615,"metadata":{"method":"POST","path":"/api/personas/chat","status":200}}
{"timestamp":"2026-06-04T14:23:05Z","level":"INFO","service":"stock_rag","trace_id":"4cb330c5d3e2d13cce285e4513634665","span_id":"a391dac0ff57798e","message":"http_request","latency_ms":1,"metadata":{"method":"GET","path":"/persona-chat.html","status":304}}
{"timestamp":"2026-06-04T14:23:05Z","level":"INFO","service":"stock_rag","trace_id":"bd3e0680327a911d5b7eb9c2dc0b7644","span_id":"31b3b7714f641a2e","message":"http_request","metadata":{"method":"GET","path":"/css/app.css","status":304}}
{"timestamp":"2026-06-04T14:23:05Z","level":"INFO","service":"stock_rag","trace_id":"277a616c79fa159811cdebb5842f6e91","span_id":"2f8816fc193c9102","message":"http_request","metadata":{"method":"GET","path":"/css/persona.css","status":304}}
{"timestamp":"2026-06-04T14:23:05Z","level":"INFO","service":"stock_rag","trace_id":"85df1ad490019d1f48a553afadc124f5","span_id":"4cc6dad1d29c3bdb","message":"http_request","latency_ms":5,"metadata":{"method":"GET","path":"/api/auth/me","status":200}}
{"timestamp":"2026-06-04T14:23:05Z","level":"INFO","service":"stock_rag","trace_id":"37d7b7ffd9453f171b217fde7ab0e7b1","span_id":"a8355d4f4518d849","message":"http_request","metadata":{"method":"GET","path":"/api/personas/us_growth_tech","status":200}}
{"timestamp":"2026-06-04T14:24:56Z","level":"INFO","service":"stock_rag","trace_id":"977c8b44161c1fc060201c6f02e6445c","span_id":"ea5f31939465596c","message":"http_request","latency_ms":2,"metadata":{"method":"GET","path":"/persona-chat.html","status":200}}
{"timestamp":"2026-06-04T14:24:56Z","level":"INFO","service":"stock_rag","trace_id":"59afd3b02f8cdfcd1197458c6438dbc1","span_id":"77bcc3ab01c4ecba","message":"http_request","metadata":{"method":"GET","path":"/css/persona.css","status":200}}
{"timestamp":"2026-06-04T14:24:56Z","level":"INFO","service":"stock_rag","trace_id":"43c34f8bfbd8393e5f62b15f48d872d6","span_id":"b8ba65824348502b","message":"http_request","metadata":{"method":"GET","path":"/css/app.css","status":304}}
{"timestamp":"2026-06-04T14:24:56Z","level":"INFO","service":"stock_rag","trace_id":"0470c32c79988e8037418574f7a378a9","span_id":"03e118cbda648934","message":"http_request","latency_ms":6,"metadata":{"method":"GET","path":"/api/auth/me","status":200}}
{"timestamp":"2026-06-04T14:24:56Z","level":"INFO","service":"stock_rag","trace_id":"06173cdd619b41ece260e371b2ad2a3d","span_id":"77649e746a86f482","message":"http_request","metadata":{"method":"GET","path":"/api/personas/us_growth_tech","status":200}}
{"timestamp":"2026-06-04T14:25:17Z","level":"DEBUG","service":"stock_rag","trace_id":"e32fcdbfda45d422d3d9c8d1593f3d38","span_id":"7db67cb2011e151c","message":"RedisSemanticCache.Get called","metadata":{"query":"You are a professional American stock investor named \"美股科技成长派\".\n\nYour investment belief is: 技术创新驱动长期价值，龙头企业享有估值溢价。\n\nInvestment style: growth, ai, tech\n\nPreferred sectors: 半导体, 云计算, 软件, AI\n\nInvestment decision framework:\n\n1. 赛道空间\n\n2. 竞争格局\n\n3. 管理层执行力\n\n4. 估值匹配\n\nPlease answer the following question based on the above identity: 近期市场走势如何？"}}
{"timestamp":"2026-06-04T14:25:17Z","level":"WARN","service":"stock_rag","trace_id":"e32fcdbfda45d422d3d9c8d1593f3d38","span_id":"7db67cb2011e151c","message":"RedisSemanticCache embed query failed"}
{"timestamp":"2026-06-04T14:25:17Z","level":"INFO","service":"stock_rag","trace_id":"e32fcdbfda45d422d3d9c8d1593f3d38","span_id":"3e57db37883a13e0","message":"Eino component started","metadata":{"component":"Chain","node_name":"","node_type":""}}
{"timestamp":"2026-06-04T14:25:17Z","level":"INFO","service":"stock_rag","trace_id":"e32fcdbfda45d422d3d9c8d1593f3d38","span_id":"27af6ae69b4cb716","message":"Eino component started","metadata":{"component":"Lambda","node_name":"","node_type":""}}
{"timestamp":"2026-06-04T14:25:17Z","level":"INFO","service":"stock_rag","trace_id":"e32fcdbfda45d422d3d9c8d1593f3d38","span_id":"27af6ae69b4cb716","message":"Eino component completed","metadata":{"component":"Lambda","node_name":""}}
{"timestamp":"2026-06-04T14:25:17Z","level":"INFO","service":"stock_rag","trace_id":"e32fcdbfda45d422d3d9c8d1593f3d38","span_id":"a9d9953666f2e92a","message":"Eino component started","metadata":{"component":"Lambda","node_name":"","node_type":""}}
{"timestamp":"2026-06-04T14:25:17Z","level":"INFO","service":"stock_rag","trace_id":"e32fcdbfda45d422d3d9c8d1593f3d38","span_id":"a9d9953666f2e92a","message":"Eino component completed","metadata":{"component":"Lambda","node_name":""}}
{"timestamp":"2026-06-04T14:25:17Z","level":"INFO","service":"stock_rag","trace_id":"e32fcdbfda45d422d3d9c8d1593f3d38","span_id":"6302ca7572511891","message":"Eino component started","metadata":{"component":"Lambda","node_name":"","node_type":""}}
{"timestamp":"2026-06-04T14:25:17Z","level":"INFO","service":"stock_rag","trace_id":"e32fcdbfda45d422d3d9c8d1593f3d38","span_id":"4d5c0207d7e0c8a3","message":"Eino component started","metadata":{"component":"ChatTemplate","node_name":"","node_type":"Default"}}
{"timestamp":"2026-06-04T14:25:17Z","level":"INFO","service":"stock_rag","trace_id":"e32fcdbfda45d422d3d9c8d1593f3d38","span_id":"4d5c0207d7e0c8a3","message":"Eino component completed","metadata":{"component":"ChatTemplate","node_name":""}}
{"timestamp":"2026-06-04T14:25:17Z","level":"INFO","service":"stock_rag","trace_id":"e32fcdbfda45d422d3d9c8d1593f3d38","span_id":"6302ca7572511891","message":"Eino component completed","metadata":{"component":"Lambda","node_name":""}}
{"timestamp":"2026-06-04T14:25:17Z","level":"INFO","service":"stock_rag","trace_id":"e32fcdbfda45d422d3d9c8d1593f3d38","span_id":"86e8aace835d55e9","message":"Eino component started","metadata":{"component":"Lambda","node_name":"","node_type":""}}
{"timestamp":"2026-06-04T14:25:17Z","level":"INFO","service":"stock_rag","trace_id":"e32fcdbfda45d422d3d9c8d1593f3d38","span_id":"6bdd4c8b687b5008","message":"Eino component started","metadata":{"component":"ChatModel","node_name":"","node_type":"Ark"}}
{"timestamp":"2026-06-04T14:25:23Z","level":"INFO","service":"stock_rag","trace_id":"e32fcdbfda45d422d3d9c8d1593f3d38","span_id":"6bdd4c8b687b5008","message":"Eino component completed","metadata":{"component":"ChatModel","node_name":""}}
{"timestamp":"2026-06-04T14:25:23Z","level":"INFO","service":"stock_rag","trace_id":"e32fcdbfda45d422d3d9c8d1593f3d38","span_id":"86e8aace835d55e9","message":"Eino component completed","metadata":{"component":"Lambda","node_name":""}}
{"timestamp":"2026-06-04T14:25:23Z","level":"INFO","service":"stock_rag","trace_id":"e32fcdbfda45d422d3d9c8d1593f3d38","span_id":"89be20b9eacaf741","message":"Eino component started","metadata":{"component":"Lambda","node_name":"","node_type":""}}
{"timestamp":"2026-06-04T14:25:23Z","level":"INFO","service":"stock_rag","trace_id":"e32fcdbfda45d422d3d9c8d1593f3d38","span_id":"89be20b9eacaf741","message":"Eino component completed","metadata":{"component":"Lambda","node_name":""}}
{"timestamp":"2026-06-04T14:25:23Z","level":"INFO","service":"stock_rag","trace_id":"e32fcdbfda45d422d3d9c8d1593f3d38","span_id":"ee7a908ddc5e5fde","message":"Eino component started","metadata":{"component":"Lambda","node_name":"","node_type":""}}
{"timestamp":"2026-06-04T14:25:23Z","level":"INFO","service":"stock_rag","trace_id":"e32fcdbfda45d422d3d9c8d1593f3d38","span_id":"ee7a908ddc5e5fde","message":"Eino component completed","metadata":{"component":"Lambda","node_name":""}}
{"timestamp":"2026-06-04T14:25:23Z","level":"INFO","service":"stock_rag","trace_id":"e32fcdbfda45d422d3d9c8d1593f3d38","span_id":"3e57db37883a13e0","message":"Eino component completed","metadata":{"component":"Chain","node_name":""}}
{"timestamp":"2026-06-04T14:25:23Z","level":"DEBUG","service":"stock_rag","trace_id":"e32fcdbfda45d422d3d9c8d1593f3d38","span_id":"7db67cb2011e151c","message":"RedisSemanticCache.Set called","metadata":{"query":"You are a professional American stock investor named \"美股科技成长派\".\n\nYour investment belief is: 技术创新驱动长期价值，龙头企业享有估值溢价。\n\nInvestment style: growth, ai, tech\n\nPreferred sectors: 半导体, 云计算, 软件, AI\n\nInvestment decision framework:\n\n1. 赛道空间\n\n2. 竞争格局\n\n3. 管理层执行力\n\n4. 估值匹配\n\nPlease answer the following question based on the above identity: 近期市场走势如何？"}}
{"timestamp":"2026-06-04T14:25:23Z","level":"WARN","service":"stock_rag","trace_id":"e32fcdbfda45d422d3d9c8d1593f3d38","span_id":"7db67cb2011e151c","message":"RedisSemanticCache embed query failed"}
{"timestamp":"2026-06-04T14:25:23Z","level":"INFO","service":"stock_rag","trace_id":"e32fcdbfda45d422d3d9c8d1593f3d38","span_id":"7db67cb2011e151c","request_id":"persona-chat-1780583117513432000","message":"Persona chat completed","latency_ms":5932,"metadata":{"citation_count":0,"feature":"persona","mode":"chat","persona_id":"us_growth_tech","question_hash":"aa9bd3309ff15f60","question_len":27,"status":"success","stock_code":""}}
{"timestamp":"2026-06-04T14:25:23Z","level":"INFO","service":"stock_rag","trace_id":"e32fcdbfda45d422d3d9c8d1593f3d38","span_id":"7db67cb2011e151c","request_id":"persona-chat-1780583117513432000","message":"Persona chat handler completed","latency_ms":5932,"metadata":{"feature":"persona","mode":"chat","persona_id":"us_growth_tech"}}
{"timestamp":"2026-06-04T14:25:23Z","level":"INFO","service":"stock_rag","trace_id":"e32fcdbfda45d422d3d9c8d1593f3d38","span_id":"f0f13224e5e20921","message":"http_request","latency_ms":5937,"metadata":{"method":"POST","path":"/api/personas/chat","status":200}}
{"timestamp":"2026-06-04T14:30:47Z","level":"INFO","service":"stock_rag","message":"structured logging ready","metadata":{"log_file":"logs/app.log"}}
{"timestamp":"2026-06-04T14:30:51Z","level":"INFO","service":"stock_rag","trace_id":"e6b4608cc91acff527b92dd509e6b4aa","span_id":"cf2898ac4d5d1f0e","message":"http_request","latency_ms":2,"metadata":{"method":"GET","path":"/persona-chat.html","status":304}}
{"timestamp":"2026-06-04T14:30:51Z","level":"INFO","service":"stock_rag","trace_id":"9720fef6d394f7a47aef556c198556aa","span_id":"389fc559c05f2428","message":"http_request","latency_ms":1,"metadata":{"method":"GET","path":"/css/app.css","status":304}}
{"timestamp":"2026-06-04T14:30:51Z","level":"INFO","service":"stock_rag","trace_id":"2f673ee56ba424c9351017f98a441772","span_id":"7fb263c74d67578a","message":"http_request","latency_ms":6,"metadata":{"method":"GET","path":"/css/persona.css","status":200}}
{"timestamp":"2026-06-04T14:30:51Z","level":"INFO","service":"stock_rag","trace_id":"47ed68e705499c745365d6a2a34ee15d","span_id":"672daf2ede31d6cb","message":"http_request","latency_ms":1,"metadata":{"method":"GET","path":"/api/auth/me","status":401}}
{"timestamp":"2026-06-04T14:30:51Z","level":"INFO","service":"stock_rag","trace_id":"99eea83b1fdbf832b9daa9c844c7a0f4","span_id":"fc6e7ae917a31326","message":"audit event","metadata":{"action":"auth.refresh","audit":true,"method":"POST","path":"/api/auth/refresh","remote_addr":"[::1]:50209","result":"success"}}
{"timestamp":"2026-06-04T14:30:51Z","level":"INFO","service":"stock_rag","trace_id":"99eea83b1fdbf832b9daa9c844c7a0f4","span_id":"fc6e7ae917a31326","message":"http_request","latency_ms":9,"metadata":{"method":"POST","path":"/api/auth/refresh","status":200}}
{"timestamp":"2026-06-04T14:30:51Z","level":"INFO","service":"stock_rag","trace_id":"5b6522d6dd33890e9e031dfe36f13ca1","span_id":"89a78ab92bd9a71f","message":"http_request","latency_ms":1,"metadata":{"method":"GET","path":"/api/auth/me","status":200}}
{"timestamp":"2026-06-04T14:30:51Z","level":"INFO","service":"stock_rag","trace_id":"50d7f3fffbbc1f1bf4eceaa8749c6ce1","span_id":"e329fdeb542711c0","message":"http_request","metadata":{"method":"GET","path":"/api/personas/us_growth_tech","status":200}}
{"timestamp":"2026-06-04T14:30:53Z","level":"DEBUG","service":"stock_rag","trace_id":"b6a67af50680d7912e6a04eb2d32c7df","span_id":"996f74a1e4f35799","message":"RedisSemanticCache.Get called","metadata":{"query":"You are a professional American stock investor named \"美股科技成长派\".\n\nYour investment belief is: 技术创新驱动长期价值，龙头企业享有估值溢价。\n\nInvestment style: growth, ai, tech\n\nPreferred sectors: 半导体, 云计算, 软件, AI\n\nInvestment decision framework:\n\n1. 赛道空间\n\n2. 竞争格局\n\n3. 管理层执行力\n\n4. 估值匹配\n\nPlease answer the following question based on the above identity: 近期市场走势如何？"}}
{"timestamp":"2026-06-04T14:30:53Z","level":"WARN","service":"stock_rag","trace_id":"b6a67af50680d7912e6a04eb2d32c7df","span_id":"996f74a1e4f35799","message":"RedisSemanticCache embed query failed"}
{"timestamp":"2026-06-04T14:30:53Z","level":"INFO","service":"stock_rag","trace_id":"b6a67af50680d7912e6a04eb2d32c7df","span_id":"9328ccf6e4ab1522","message":"Eino component started","metadata":{"component":"Chain","node_name":"","node_type":""}}
{"timestamp":"2026-06-04T14:30:53Z","level":"INFO","service":"stock_rag","trace_id":"b6a67af50680d7912e6a04eb2d32c7df","span_id":"a6d88b02fe7555ac","message":"Eino component started","metadata":{"component":"Lambda","node_name":"","node_type":""}}
{"timestamp":"2026-06-04T14:30:53Z","level":"INFO","service":"stock_rag","trace_id":"b6a67af50680d7912e6a04eb2d32c7df","span_id":"a6d88b02fe7555ac","message":"Eino component completed","metadata":{"component":"Lambda","node_name":""}}
{"timestamp":"2026-06-04T14:30:53Z","level":"INFO","service":"stock_rag","trace_id":"b6a67af50680d7912e6a04eb2d32c7df","span_id":"4b85717ef8619632","message":"Eino component started","metadata":{"component":"Lambda","node_name":"","node_type":""}}
{"timestamp":"2026-06-04T14:30:53Z","level":"INFO","service":"stock_rag","trace_id":"b6a67af50680d7912e6a04eb2d32c7df","span_id":"4b85717ef8619632","message":"Eino component completed","metadata":{"component":"Lambda","node_name":""}}
{"timestamp":"2026-06-04T14:30:53Z","level":"INFO","service":"stock_rag","trace_id":"b6a67af50680d7912e6a04eb2d32c7df","span_id":"d5b5207b20611f15","message":"Eino component started","metadata":{"component":"Lambda","node_name":"","node_type":""}}
{"timestamp":"2026-06-04T14:30:53Z","level":"INFO","service":"stock_rag","trace_id":"b6a67af50680d7912e6a04eb2d32c7df","span_id":"b2cecbf0a6084890","message":"Eino component started","metadata":{"component":"ChatTemplate","node_name":"","node_type":"Default"}}
{"timestamp":"2026-06-04T14:30:53Z","level":"INFO","service":"stock_rag","trace_id":"b6a67af50680d7912e6a04eb2d32c7df","span_id":"b2cecbf0a6084890","message":"Eino component completed","metadata":{"component":"ChatTemplate","node_name":""}}
{"timestamp":"2026-06-04T14:30:53Z","level":"INFO","service":"stock_rag","trace_id":"b6a67af50680d7912e6a04eb2d32c7df","span_id":"d5b5207b20611f15","message":"Eino component completed","metadata":{"component":"Lambda","node_name":""}}
{"timestamp":"2026-06-04T14:30:53Z","level":"INFO","service":"stock_rag","trace_id":"b6a67af50680d7912e6a04eb2d32c7df","span_id":"b4271d3a387d414f","message":"Eino component started","metadata":{"component":"Lambda","node_name":"","node_type":""}}
{"timestamp":"2026-06-04T14:30:53Z","level":"INFO","service":"stock_rag","trace_id":"b6a67af50680d7912e6a04eb2d32c7df","span_id":"230c38ca8d16651a","message":"Eino component started","metadata":{"component":"ChatModel","node_name":"","node_type":"Ark"}}
{"timestamp":"2026-06-04T14:31:05Z","level":"INFO","service":"stock_rag","trace_id":"b6a67af50680d7912e6a04eb2d32c7df","span_id":"230c38ca8d16651a","message":"Eino component completed","metadata":{"component":"ChatModel","node_name":""}}
{"timestamp":"2026-06-04T14:31:05Z","level":"INFO","service":"stock_rag","trace_id":"b6a67af50680d7912e6a04eb2d32c7df","span_id":"b4271d3a387d414f","message":"Eino component completed","metadata":{"component":"Lambda","node_name":""}}
{"timestamp":"2026-06-04T14:31:05Z","level":"INFO","service":"stock_rag","trace_id":"b6a67af50680d7912e6a04eb2d32c7df","span_id":"f2ec3671a5d25395","message":"Eino component started","metadata":{"component":"Lambda","node_name":"","node_type":""}}
{"timestamp":"2026-06-04T14:31:05Z","level":"INFO","service":"stock_rag","trace_id":"b6a67af50680d7912e6a04eb2d32c7df","span_id":"f2ec3671a5d25395","message":"Eino component completed","metadata":{"component":"Lambda","node_name":""}}
{"timestamp":"2026-06-04T14:31:05Z","level":"INFO","service":"stock_rag","trace_id":"b6a67af50680d7912e6a04eb2d32c7df","span_id":"64e1cbbf57cc6671","message":"Eino component started","metadata":{"component":"Lambda","node_name":"","node_type":""}}
{"timestamp":"2026-06-04T14:31:05Z","level":"INFO","service":"stock_rag","trace_id":"b6a67af50680d7912e6a04eb2d32c7df","span_id":"64e1cbbf57cc6671","message":"Eino component completed","metadata":{"component":"Lambda","node_name":""}}
{"timestamp":"2026-06-04T14:31:05Z","level":"INFO","service":"stock_rag","trace_id":"b6a67af50680d7912e6a04eb2d32c7df","span_id":"9328ccf6e4ab1522","message":"Eino component completed","metadata":{"component":"Chain","node_name":""}}
{"timestamp":"2026-06-04T14:31:05Z","level":"DEBUG","service":"stock_rag","trace_id":"b6a67af50680d7912e6a04eb2d32c7df","span_id":"996f74a1e4f35799","message":"RedisSemanticCache.Set called","metadata":{"query":"You are a professional American stock investor named \"美股科技成长派\".\n\nYour investment belief is: 技术创新驱动长期价值，龙头企业享有估值溢价。\n\nInvestment style: growth, ai, tech\n\nPreferred sectors: 半导体, 云计算, 软件, AI\n\nInvestment decision framework:\n\n1. 赛道空间\n\n2. 竞争格局\n\n3. 管理层执行力\n\n4. 估值匹配\n\nPlease answer the following question based on the above identity: 近期市场走势如何？"}}
{"timestamp":"2026-06-04T14:31:05Z","level":"WARN","service":"stock_rag","trace_id":"b6a67af50680d7912e6a04eb2d32c7df","span_id":"996f74a1e4f35799","message":"RedisSemanticCache embed query failed"}
{"timestamp":"2026-06-04T14:31:05Z","level":"INFO","service":"stock_rag","trace_id":"b6a67af50680d7912e6a04eb2d32c7df","span_id":"996f74a1e4f35799","request_id":"persona-chat-1780583453146429000","message":"Persona chat completed","latency_ms":12411,"metadata":{"citation_count":0,"feature":"persona","mode":"chat","persona_id":"us_growth_tech","question_hash":"aa9bd3309ff15f60","question_len":27,"status":"success","stock_code":""}}
{"timestamp":"2026-06-04T14:31:05Z","level":"INFO","service":"stock_rag","trace_id":"b6a67af50680d7912e6a04eb2d32c7df","span_id":"996f74a1e4f35799","request_id":"persona-chat-1780583453146429000","message":"Persona chat handler completed","latency_ms":12411,"metadata":{"feature":"persona","mode":"chat","persona_id":"us_growth_tech"}}
{"timestamp":"2026-06-04T14:31:05Z","level":"INFO","service":"stock_rag","trace_id":"b6a67af50680d7912e6a04eb2d32c7df","span_id":"e3942785dd2fffc2","message":"http_request","latency_ms":12414,"metadata":{"method":"POST","path":"/api/personas/chat","status":200}}
{"timestamp":"2026-06-04T14:35:21Z","level":"INFO","service":"stock_rag","trace_id":"606060ad2b42052fadfe77c0f652f649","span_id":"8d0219f7105df041","message":"http_request","latency_ms":1,"metadata":{"method":"GET","path":"/persona-chat.html","status":200}}
{"timestamp":"2026-06-04T14:35:21Z","level":"INFO","service":"stock_rag","trace_id":"f61cea85567e6ed93448fdedaaa60571","span_id":"ca06a9f3afa0c2f9","message":"http_request","latency_ms":1,"metadata":{"method":"GET","path":"/css/app.css","status":304}}
{"timestamp":"2026-06-04T14:35:21Z","level":"INFO","service":"stock_rag","trace_id":"54cf66b606c8af5f607c2d36ea615efb","span_id":"2a275b8e512c5bd3","message":"http_request","latency_ms":3,"metadata":{"method":"GET","path":"/css/persona.css","status":304}}
{"timestamp":"2026-06-04T14:35:21Z","level":"INFO","service":"stock_rag","trace_id":"765d512a65a8dbbdbc47f90dea4bb021","span_id":"8d1f075f2fd0ea37","message":"http_request","latency_ms":4,"metadata":{"method":"GET","path":"/api/auth/me","status":200}}
{"timestamp":"2026-06-04T14:35:21Z","level":"INFO","service":"stock_rag","trace_id":"e4b148a187718699d7cbf4c84f41ca93","span_id":"6df25d06b90f29cc","message":"http_request","metadata":{"method":"GET","path":"/api/personas/us_growth_tech","status":200}}
{"timestamp":"2026-06-04T14:35:22Z","level":"DEBUG","service":"stock_rag","trace_id":"5686a3623309d927552413913d74a96a","span_id":"f8ce70db7b286ee3","message":"RedisSemanticCache.Get called","metadata":{"query":"You are a professional American stock investor named \"美股科技成长派\".\n\nYour investment belief is: 技术创新驱动长期价值，龙头企业享有估值溢价。\n\nInvestment style: growth, ai, tech\n\nPreferred sectors: 半导体, 云计算, 软件, AI\n\nInvestment decision framework:\n\n1. 赛道空间\n\n2. 竞争格局\n\n3. 管理层执行力\n\n4. 估值匹配\n\nPlease answer the following question based on the above identity: 近期市场走势如何？"}}
{"timestamp":"2026-06-04T14:35:22Z","level":"WARN","service":"stock_rag","trace_id":"5686a3623309d927552413913d74a96a","span_id":"f8ce70db7b286ee3","message":"RedisSemanticCache embed query failed"}
{"timestamp":"2026-06-04T14:35:22Z","level":"INFO","service":"stock_rag","trace_id":"5686a3623309d927552413913d74a96a","span_id":"75a0935ae300f694","message":"Eino component started","metadata":{"component":"Chain","node_name":"","node_type":""}}
{"timestamp":"2026-06-04T14:35:22Z","level":"INFO","service":"stock_rag","trace_id":"5686a3623309d927552413913d74a96a","span_id":"e9a894c75deb737c","message":"Eino component started","metadata":{"component":"Lambda","node_name":"","node_type":""}}
{"timestamp":"2026-06-04T14:35:22Z","level":"INFO","service":"stock_rag","trace_id":"5686a3623309d927552413913d74a96a","span_id":"e9a894c75deb737c","message":"Eino component completed","metadata":{"component":"Lambda","node_name":""}}
{"timestamp":"2026-06-04T14:35:22Z","level":"INFO","service":"stock_rag","trace_id":"5686a3623309d927552413913d74a96a","span_id":"8195fae96ba53528","message":"Eino component started","metadata":{"component":"Lambda","node_name":"","node_type":""}}
{"timestamp":"2026-06-04T14:35:22Z","level":"INFO","service":"stock_rag","trace_id":"5686a3623309d927552413913d74a96a","span_id":"8195fae96ba53528","message":"Eino component completed","metadata":{"component":"Lambda","node_name":""}}
{"timestamp":"2026-06-04T14:35:22Z","level":"INFO","service":"stock_rag","trace_id":"5686a3623309d927552413913d74a96a","span_id":"818107007b89e215","message":"Eino component started","metadata":{"component":"Lambda","node_name":"","node_type":""}}
{"timestamp":"2026-06-04T14:35:22Z","level":"INFO","service":"stock_rag","trace_id":"5686a3623309d927552413913d74a96a","span_id":"300b580699a3b00e","message":"Eino component started","metadata":{"component":"ChatTemplate","node_name":"","node_type":"Default"}}
{"timestamp":"2026-06-04T14:35:22Z","level":"INFO","service":"stock_rag","trace_id":"5686a3623309d927552413913d74a96a","span_id":"300b580699a3b00e","message":"Eino component completed","metadata":{"component":"ChatTemplate","node_name":""}}
{"timestamp":"2026-06-04T14:35:22Z","level":"INFO","service":"stock_rag","trace_id":"5686a3623309d927552413913d74a96a","span_id":"818107007b89e215","message":"Eino component completed","metadata":{"component":"Lambda","node_name":""}}
{"timestamp":"2026-06-04T14:35:22Z","level":"INFO","service":"stock_rag","trace_id":"5686a3623309d927552413913d74a96a","span_id":"4c37d6ef6a93a5eb","message":"Eino component started","metadata":{"component":"Lambda","node_name":"","node_type":""}}
{"timestamp":"2026-06-04T14:35:22Z","level":"INFO","service":"stock_rag","trace_id":"5686a3623309d927552413913d74a96a","span_id":"fb2d470d368390fa","message":"Eino component started","metadata":{"component":"ChatModel","node_name":"","node_type":"Ark"}}
{"timestamp":"2026-06-04T14:35:30Z","level":"INFO","service":"stock_rag","trace_id":"5686a3623309d927552413913d74a96a","span_id":"fb2d470d368390fa","message":"Eino component completed","metadata":{"component":"ChatModel","node_name":""}}
{"timestamp":"2026-06-04T14:35:30Z","level":"INFO","service":"stock_rag","trace_id":"5686a3623309d927552413913d74a96a","span_id":"4c37d6ef6a93a5eb","message":"Eino component completed","metadata":{"component":"Lambda","node_name":""}}
{"timestamp":"2026-06-04T14:35:30Z","level":"INFO","service":"stock_rag","trace_id":"5686a3623309d927552413913d74a96a","span_id":"d2756990a5edf500","message":"Eino component started","metadata":{"component":"Lambda","node_name":"","node_type":""}}
{"timestamp":"2026-06-04T14:35:30Z","level":"INFO","service":"stock_rag","trace_id":"5686a3623309d927552413913d74a96a","span_id":"d2756990a5edf500","message":"Eino component completed","metadata":{"component":"Lambda","node_name":""}}
{"timestamp":"2026-06-04T14:35:30Z","level":"INFO","service":"stock_rag","trace_id":"5686a3623309d927552413913d74a96a","span_id":"acfd1dc2c4468f6b","message":"Eino component started","metadata":{"component":"Lambda","node_name":"","node_type":""}}
{"timestamp":"2026-06-04T14:35:30Z","level":"INFO","service":"stock_rag","trace_id":"5686a3623309d927552413913d74a96a","span_id":"acfd1dc2c4468f6b","message":"Eino component completed","metadata":{"component":"Lambda","node_name":""}}
{"timestamp":"2026-06-04T14:35:30Z","level":"INFO","service":"stock_rag","trace_id":"5686a3623309d927552413913d74a96a","span_id":"75a0935ae300f694","message":"Eino component completed","metadata":{"component":"Chain","node_name":""}}
{"timestamp":"2026-06-04T14:35:30Z","level":"DEBUG","service":"stock_rag","trace_id":"5686a3623309d927552413913d74a96a","span_id":"f8ce70db7b286ee3","message":"RedisSemanticCache.Set called","metadata":{"query":"You are a professional American stock investor named \"美股科技成长派\".\n\nYour investment belief is: 技术创新驱动长期价值，龙头企业享有估值溢价。\n\nInvestment style: growth, ai, tech\n\nPreferred sectors: 半导体, 云计算, 软件, AI\n\nInvestment decision framework:\n\n1. 赛道空间\n\n2. 竞争格局\n\n3. 管理层执行力\n\n4. 估值匹配\n\nPlease answer the following question based on the above identity: 近期市场走势如何？"}}
{"timestamp":"2026-06-04T14:35:30Z","level":"WARN","service":"stock_rag","trace_id":"5686a3623309d927552413913d74a96a","span_id":"f8ce70db7b286ee3","message":"RedisSemanticCache embed query failed"}
{"timestamp":"2026-06-04T14:35:30Z","level":"INFO","service":"stock_rag","trace_id":"5686a3623309d927552413913d74a96a","span_id":"f8ce70db7b286ee3","request_id":"persona-chat-1780583722857889000","message":"Persona chat completed","latency_ms":7691,"metadata":{"citation_count":0,"feature":"persona","mode":"chat","persona_id":"us_growth_tech","question_hash":"aa9bd3309ff15f60","question_len":27,"status":"success","stock_code":""}}
{"timestamp":"2026-06-04T14:35:30Z","level":"INFO","service":"stock_rag","trace_id":"5686a3623309d927552413913d74a96a","span_id":"f8ce70db7b286ee3","request_id":"persona-chat-1780583722857889000","message":"Persona chat handler completed","latency_ms":7692,"metadata":{"feature":"persona","mode":"chat","persona_id":"us_growth_tech"}}
{"timestamp":"2026-06-04T14:35:30Z","level":"INFO","service":"stock_rag","trace_id":"5686a3623309d927552413913d74a96a","span_id":"36591021c9114d56","message":"http_request","latency_ms":7696,"metadata":{"method":"POST","path":"/api/personas/chat","status":200}}
{"timestamp":"2026-06-04T14:36:50Z","level":"INFO","service":"stock_rag","trace_id":"c69ebca927455e6743ccbf0a88b8d53a","span_id":"2077ac87b22fa600","message":"http_request","latency_ms":1,"metadata":{"method":"GET","path":"/persona-chat.html","status":200}}
{"timestamp":"2026-06-04T14:36:50Z","level":"INFO","service":"stock_rag","trace_id":"331c574d678af048b1106c208e729842","span_id":"d6582f351ef528dd","message":"http_request","latency_ms":1,"metadata":{"method":"GET","path":"/css/persona.css","status":200}}
{"timestamp":"2026-06-04T14:36:50Z","level":"INFO","service":"stock_rag","trace_id":"6bb6073872071700909077b966e97ef9","span_id":"b6cd8ce29a235e78","message":"http_request","latency_ms":5,"metadata":{"method":"GET","path":"/api/auth/me","status":200}}
{"timestamp":"2026-06-04T14:36:50Z","level":"INFO","service":"stock_rag","trace_id":"fc6904f2f14b7144779e93aa73fc1771","span_id":"71d9362fc76a15df","message":"http_request","metadata":{"method":"GET","path":"/api/personas/us_growth_tech","status":200}}
{"timestamp":"2026-06-04T14:36:51Z","level":"DEBUG","service":"stock_rag","trace_id":"a5de31f2085e4257db2f3772f790ec78","span_id":"d9df99e1c96568a6","message":"RedisSemanticCache.Get called","metadata":{"query":"You are a professional American stock investor named \"美股科技成长派\".\n\nYour investment belief is: 技术创新驱动长期价值，龙头企业享有估值溢价。\n\nInvestment style: growth, ai, tech\n\nPreferred sectors: 半导体, 云计算, 软件, AI\n\nInvestment decision framework:\n\n1. 赛道空间\n\n2. 竞争格局\n\n3. 管理层执行力\n\n4. 估值匹配\n\nPlease answer the following question based on the above identity: 近期市场走势如何？"}}
{"timestamp":"2026-06-04T14:36:51Z","level":"WARN","service":"stock_rag","trace_id":"a5de31f2085e4257db2f3772f790ec78","span_id":"d9df99e1c96568a6","message":"RedisSemanticCache embed query failed"}
{"timestamp":"2026-06-04T14:36:51Z","level":"INFO","service":"stock_rag","trace_id":"a5de31f2085e4257db2f3772f790ec78","span_id":"9e773e1c1e20b6d9","message":"Eino component started","metadata":{"component":"Chain","node_name":"","node_type":""}}
{"timestamp":"2026-06-04T14:36:51Z","level":"INFO","service":"stock_rag","trace_id":"a5de31f2085e4257db2f3772f790ec78","span_id":"0a28d6f40323b37c","message":"Eino component started","metadata":{"component":"Lambda","node_name":"","node_type":""}}
{"timestamp":"2026-06-04T14:36:51Z","level":"INFO","service":"stock_rag","trace_id":"a5de31f2085e4257db2f3772f790ec78","span_id":"0a28d6f40323b37c","message":"Eino component completed","metadata":{"component":"Lambda","node_name":""}}
{"timestamp":"2026-06-04T14:36:51Z","level":"INFO","service":"stock_rag","trace_id":"a5de31f2085e4257db2f3772f790ec78","span_id":"a50bcf9bb10cf9ac","message":"Eino component started","metadata":{"component":"Lambda","node_name":"","node_type":""}}
{"timestamp":"2026-06-04T14:36:51Z","level":"INFO","service":"stock_rag","trace_id":"a5de31f2085e4257db2f3772f790ec78","span_id":"a50bcf9bb10cf9ac","message":"Eino component completed","metadata":{"component":"Lambda","node_name":""}}
{"timestamp":"2026-06-04T14:36:51Z","level":"INFO","service":"stock_rag","trace_id":"a5de31f2085e4257db2f3772f790ec78","span_id":"ff57cd62011ad799","message":"Eino component started","metadata":{"component":"Lambda","node_name":"","node_type":""}}
{"timestamp":"2026-06-04T14:36:51Z","level":"INFO","service":"stock_rag","trace_id":"a5de31f2085e4257db2f3772f790ec78","span_id":"f590597765e01abb","message":"Eino component started","metadata":{"component":"ChatTemplate","node_name":"","node_type":"Default"}}
{"timestamp":"2026-06-04T14:36:51Z","level":"INFO","service":"stock_rag","trace_id":"a5de31f2085e4257db2f3772f790ec78","span_id":"f590597765e01abb","message":"Eino component completed","metadata":{"component":"ChatTemplate","node_name":""}}
{"timestamp":"2026-06-04T14:36:51Z","level":"INFO","service":"stock_rag","trace_id":"a5de31f2085e4257db2f3772f790ec78","span_id":"ff57cd62011ad799","message":"Eino component completed","metadata":{"component":"Lambda","node_name":""}}
{"timestamp":"2026-06-04T14:36:51Z","level":"INFO","service":"stock_rag","trace_id":"a5de31f2085e4257db2f3772f790ec78","span_id":"befa5f263ac0edeb","message":"Eino component started","metadata":{"component":"Lambda","node_name":"","node_type":""}}
{"timestamp":"2026-06-04T14:36:51Z","level":"INFO","service":"stock_rag","trace_id":"a5de31f2085e4257db2f3772f790ec78","span_id":"a6a12367ab002dc3","message":"Eino component started","metadata":{"component":"ChatModel","node_name":"","node_type":"Ark"}}
{"timestamp":"2026-06-04T14:37:00Z","level":"INFO","service":"stock_rag","trace_id":"a5de31f2085e4257db2f3772f790ec78","span_id":"a6a12367ab002dc3","message":"Eino component completed","metadata":{"component":"ChatModel","node_name":""}}
{"timestamp":"2026-06-04T14:37:00Z","level":"INFO","service":"stock_rag","trace_id":"a5de31f2085e4257db2f3772f790ec78","span_id":"befa5f263ac0edeb","message":"Eino component completed","metadata":{"component":"Lambda","node_name":""}}
{"timestamp":"2026-06-04T14:37:00Z","level":"INFO","service":"stock_rag","trace_id":"a5de31f2085e4257db2f3772f790ec78","span_id":"d9e735437a62f614","message":"Eino component started","metadata":{"component":"Lambda","node_name":"","node_type":""}}
{"timestamp":"2026-06-04T14:37:00Z","level":"INFO","service":"stock_rag","trace_id":"a5de31f2085e4257db2f3772f790ec78","span_id":"d9e735437a62f614","message":"Eino component completed","metadata":{"component":"Lambda","node_name":""}}
{"timestamp":"2026-06-04T14:37:00Z","level":"INFO","service":"stock_rag","trace_id":"a5de31f2085e4257db2f3772f790ec78","span_id":"dcfbde64243fb308","message":"Eino component started","metadata":{"component":"Lambda","node_name":"","node_type":""}}
{"timestamp":"2026-06-04T14:37:00Z","level":"INFO","service":"stock_rag","trace_id":"a5de31f2085e4257db2f3772f790ec78","span_id":"dcfbde64243fb308","message":"Eino component completed","metadata":{"component":"Lambda","node_name":""}}
{"timestamp":"2026-06-04T14:37:00Z","level":"INFO","service":"stock_rag","trace_id":"a5de31f2085e4257db2f3772f790ec78","span_id":"9e773e1c1e20b6d9","message":"Eino component completed","metadata":{"component":"Chain","node_name":""}}
{"timestamp":"2026-06-04T14:37:00Z","level":"DEBUG","service":"stock_rag","trace_id":"a5de31f2085e4257db2f3772f790ec78","span_id":"d9df99e1c96568a6","message":"RedisSemanticCache.Set called","metadata":{"query":"You are a professional American stock investor named \"美股科技成长派\".\n\nYour investment belief is: 技术创新驱动长期价值，龙头企业享有估值溢价。\n\nInvestment style: growth, ai, tech\n\nPreferred sectors: 半导体, 云计算, 软件, AI\n\nInvestment decision framework:\n\n1. 赛道空间\n\n2. 竞争格局\n\n3. 管理层执行力\n\n4. 估值匹配\n\nPlease answer the following question based on the above identity: 近期市场走势如何？"}}
{"timestamp":"2026-06-04T14:37:00Z","level":"WARN","service":"stock_rag","trace_id":"a5de31f2085e4257db2f3772f790ec78","span_id":"d9df99e1c96568a6","message":"RedisSemanticCache embed query failed"}
{"timestamp":"2026-06-04T14:37:00Z","level":"INFO","service":"stock_rag","trace_id":"a5de31f2085e4257db2f3772f790ec78","span_id":"d9df99e1c96568a6","request_id":"persona-chat-1780583811754720000","message":"Persona chat completed","latency_ms":8593,"metadata":{"citation_count":0,"feature":"persona","mode":"chat","persona_id":"us_growth_tech","question_hash":"aa9bd3309ff15f60","question_len":27,"status":"success","stock_code":""}}
{"timestamp":"2026-06-04T14:37:00Z","level":"INFO","service":"stock_rag","trace_id":"a5de31f2085e4257db2f3772f790ec78","span_id":"d9df99e1c96568a6","request_id":"persona-chat-1780583811754720000","message":"Persona chat handler completed","latency_ms":8593,"metadata":{"feature":"persona","mode":"chat","persona_id":"us_growth_tech"}}
{"timestamp":"2026-06-04T14:37:00Z","level":"INFO","service":"stock_rag","trace_id":"a5de31f2085e4257db2f3772f790ec78","span_id":"295886e74b3027b6","message":"http_request","latency_ms":8596,"metadata":{"method":"POST","path":"/api/personas/chat","status":200}}
{"timestamp":"2026-06-04T14:37:56Z","level":"DEBUG","service":"stock_rag","trace_id":"b2ea73537357b66918dae6c72c5a1fb1","span_id":"8ed6b62a0e622cf4","message":"RedisSemanticCache.Get called","metadata":{"query":"You are a professional American stock investor named \"美股科技成长派\".\n\nYour investment belief is: 技术创新驱动长期价值，龙头企业享有估值溢价。\n\nInvestment style: growth, ai, tech\n\nPreferred sectors: 半导体, 云计算, 软件, AI\n\nInvestment decision framework:\n\n1. 赛道空间\n\n2. 竞争格局\n\n3. 管理层执行力\n\n4. 估值匹配\n\nPlease answer the following question based on the above identity: 科技股投资机会？"}}
{"timestamp":"2026-06-04T14:37:56Z","level":"WARN","service":"stock_rag","trace_id":"b2ea73537357b66918dae6c72c5a1fb1","span_id":"8ed6b62a0e622cf4","message":"RedisSemanticCache embed query failed"}
{"timestamp":"2026-06-04T14:37:56Z","level":"INFO","service":"stock_rag","trace_id":"b2ea73537357b66918dae6c72c5a1fb1","span_id":"a54cdc91037aa48e","message":"Eino component started","metadata":{"component":"Chain","node_name":"","node_type":""}}
{"timestamp":"2026-06-04T14:37:56Z","level":"INFO","service":"stock_rag","trace_id":"b2ea73537357b66918dae6c72c5a1fb1","span_id":"c195d0f0ff40ae78","message":"Eino component started","metadata":{"component":"Lambda","node_name":"","node_type":""}}
{"timestamp":"2026-06-04T14:37:56Z","level":"INFO","service":"stock_rag","trace_id":"b2ea73537357b66918dae6c72c5a1fb1","span_id":"c195d0f0ff40ae78","message":"Eino component completed","metadata":{"component":"Lambda","node_name":""}}
{"timestamp":"2026-06-04T14:37:56Z","level":"INFO","service":"stock_rag","trace_id":"b2ea73537357b66918dae6c72c5a1fb1","span_id":"f973984d32aecd74","message":"Eino component started","metadata":{"component":"Lambda","node_name":"","node_type":""}}
{"timestamp":"2026-06-04T14:37:56Z","level":"INFO","service":"stock_rag","trace_id":"b2ea73537357b66918dae6c72c5a1fb1","span_id":"f973984d32aecd74","message":"Eino component completed","metadata":{"component":"Lambda","node_name":""}}
{"timestamp":"2026-06-04T14:37:56Z","level":"INFO","service":"stock_rag","trace_id":"b2ea73537357b66918dae6c72c5a1fb1","span_id":"9eca66ccf1bf21b0","message":"Eino component started","metadata":{"component":"Lambda","node_name":"","node_type":""}}
{"timestamp":"2026-06-04T14:37:56Z","level":"INFO","service":"stock_rag","trace_id":"b2ea73537357b66918dae6c72c5a1fb1","span_id":"9958d33edbbaa9a2","message":"Eino component started","metadata":{"component":"ChatTemplate","node_name":"","node_type":"Default"}}
{"timestamp":"2026-06-04T14:37:56Z","level":"INFO","service":"stock_rag","trace_id":"b2ea73537357b66918dae6c72c5a1fb1","span_id":"9958d33edbbaa9a2","message":"Eino component completed","metadata":{"component":"ChatTemplate","node_name":""}}
{"timestamp":"2026-06-04T14:37:56Z","level":"INFO","service":"stock_rag","trace_id":"b2ea73537357b66918dae6c72c5a1fb1","span_id":"9eca66ccf1bf21b0","message":"Eino component completed","metadata":{"component":"Lambda","node_name":""}}
{"timestamp":"2026-06-04T14:37:56Z","level":"INFO","service":"stock_rag","trace_id":"b2ea73537357b66918dae6c72c5a1fb1","span_id":"e151ea9bd54b5a2d","message":"Eino component started","metadata":{"component":"Lambda","node_name":"","node_type":""}}
{"timestamp":"2026-06-04T14:37:56Z","level":"INFO","service":"stock_rag","trace_id":"b2ea73537357b66918dae6c72c5a1fb1","span_id":"2a596f0c1b508667","message":"Eino component started","metadata":{"component":"ChatModel","node_name":"","node_type":"Ark"}}
{"timestamp":"2026-06-04T14:38:14Z","level":"INFO","service":"stock_rag","trace_id":"b2ea73537357b66918dae6c72c5a1fb1","span_id":"2a596f0c1b508667","message":"Eino component completed","metadata":{"component":"ChatModel","node_name":""}}
{"timestamp":"2026-06-04T14:38:14Z","level":"INFO","service":"stock_rag","trace_id":"b2ea73537357b66918dae6c72c5a1fb1","span_id":"e151ea9bd54b5a2d","message":"Eino component completed","metadata":{"component":"Lambda","node_name":""}}
{"timestamp":"2026-06-04T14:38:14Z","level":"INFO","service":"stock_rag","trace_id":"b2ea73537357b66918dae6c72c5a1fb1","span_id":"232279668d542e61","message":"Eino component started","metadata":{"component":"Lambda","node_name":"","node_type":""}}
{"timestamp":"2026-06-04T14:38:14Z","level":"INFO","service":"stock_rag","trace_id":"b2ea73537357b66918dae6c72c5a1fb1","span_id":"232279668d542e61","message":"Eino component completed","metadata":{"component":"Lambda","node_name":""}}
{"timestamp":"2026-06-04T14:38:14Z","level":"INFO","service":"stock_rag","trace_id":"b2ea73537357b66918dae6c72c5a1fb1","span_id":"de7896315a97c418","message":"Eino component started","metadata":{"component":"Lambda","node_name":"","node_type":""}}
{"timestamp":"2026-06-04T14:38:14Z","level":"INFO","service":"stock_rag","trace_id":"b2ea73537357b66918dae6c72c5a1fb1","span_id":"de7896315a97c418","message":"Eino component completed","metadata":{"component":"Lambda","node_name":""}}
{"timestamp":"2026-06-04T14:38:14Z","level":"INFO","service":"stock_rag","trace_id":"b2ea73537357b66918dae6c72c5a1fb1","span_id":"a54cdc91037aa48e","message":"Eino component completed","metadata":{"component":"Chain","node_name":""}}
{"timestamp":"2026-06-04T14:38:14Z","level":"DEBUG","service":"stock_rag","trace_id":"b2ea73537357b66918dae6c72c5a1fb1","span_id":"8ed6b62a0e622cf4","message":"RedisSemanticCache.Set called","metadata":{"query":"You are a professional American stock investor named \"美股科技成长派\".\n\nYour investment belief is: 技术创新驱动长期价值，龙头企业享有估值溢价。\n\nInvestment style: growth, ai, tech\n\nPreferred sectors: 半导体, 云计算, 软件, AI\n\nInvestment decision framework:\n\n1. 赛道空间\n\n2. 竞争格局\n\n3. 管理层执行力\n\n4. 估值匹配\n\nPlease answer the following question based on the above identity: 科技股投资机会？"}}
{"timestamp":"2026-06-04T14:38:14Z","level":"WARN","service":"stock_rag","trace_id":"b2ea73537357b66918dae6c72c5a1fb1","span_id":"8ed6b62a0e622cf4","message":"RedisSemanticCache embed query failed"}
{"timestamp":"2026-06-04T14:38:14Z","level":"INFO","service":"stock_rag","trace_id":"b2ea73537357b66918dae6c72c5a1fb1","span_id":"8ed6b62a0e622cf4","request_id":"persona-chat-1780583876596007000","message":"Persona chat completed","latency_ms":17922,"metadata":{"citation_count":0,"feature":"persona","mode":"chat","persona_id":"us_growth_tech","question_hash":"1ef8ad718775716b","question_len":24,"status":"success","stock_code":""}}
{"timestamp":"2026-06-04T14:38:14Z","level":"INFO","service":"stock_rag","trace_id":"b2ea73537357b66918dae6c72c5a1fb1","span_id":"8ed6b62a0e622cf4","request_id":"persona-chat-1780583876596007000","message":"Persona chat handler completed","latency_ms":17922,"metadata":{"feature":"persona","mode":"chat","persona_id":"us_growth_tech"}}
{"timestamp":"2026-06-04T14:38:14Z","level":"INFO","service":"stock_rag","trace_id":"b2ea73537357b66918dae6c72c5a1fb1","span_id":"135c0e71a18bfb22","message":"http_request","latency_ms":17928,"metadata":{"method":"POST","path":"/api/personas/chat","status":200}}
{"timestamp":"2026-06-04T14:38:45Z","level":"DEBUG","service":"stock_rag","trace_id":"9ceb8a19d3e49e2a3b208174dd548dfb","span_id":"d02c19b97c84a3d8","message":"RedisSemanticCache.Get called","metadata":{"query":"You are a professional American stock investor named \"美股科技成长派\".\n\nYour investment belief is: 技术创新驱动长期价值，龙头企业享有估值溢价。\n\nInvestment style: growth, ai, tech\n\nPreferred sectors: 半导体, 云计算, 软件, AI\n\nInvestment decision framework:\n\n1. 赛道空间\n\n2. 竞争格局\n\n3. 管理层执行力\n\n4. 估值匹配\n\nPlease answer the following question based on the above identity: 垃圾啊，你咋啥都干不了。"}}
{"timestamp":"2026-06-04T14:38:45Z","level":"WARN","service":"stock_rag","trace_id":"9ceb8a19d3e49e2a3b208174dd548dfb","span_id":"d02c19b97c84a3d8","message":"RedisSemanticCache embed query failed"}
{"timestamp":"2026-06-04T14:38:45Z","level":"INFO","service":"stock_rag","trace_id":"9ceb8a19d3e49e2a3b208174dd548dfb","span_id":"eb3f12931f223b8c","message":"Eino component started","metadata":{"component":"Chain","node_name":"","node_type":""}}
{"timestamp":"2026-06-04T14:38:45Z","level":"INFO","service":"stock_rag","trace_id":"9ceb8a19d3e49e2a3b208174dd548dfb","span_id":"d0f45776e84bb5e9","message":"Eino component started","metadata":{"component":"Lambda","node_name":"","node_type":""}}
{"timestamp":"2026-06-04T14:38:45Z","level":"INFO","service":"stock_rag","trace_id":"9ceb8a19d3e49e2a3b208174dd548dfb","span_id":"d0f45776e84bb5e9","message":"Eino component completed","metadata":{"component":"Lambda","node_name":""}}
{"timestamp":"2026-06-04T14:38:45Z","level":"INFO","service":"stock_rag","trace_id":"9ceb8a19d3e49e2a3b208174dd548dfb","span_id":"21cf766410c8d6e6","message":"Eino component started","metadata":{"component":"Lambda","node_name":"","node_type":""}}
{"timestamp":"2026-06-04T14:38:45Z","level":"INFO","service":"stock_rag","trace_id":"9ceb8a19d3e49e2a3b208174dd548dfb","span_id":"21cf766410c8d6e6","message":"Eino component completed","metadata":{"component":"Lambda","node_name":""}}
{"timestamp":"2026-06-04T14:38:45Z","level":"INFO","service":"stock_rag","trace_id":"9ceb8a19d3e49e2a3b208174dd548dfb","span_id":"372b3f3c264bfb23","message":"Eino component started","metadata":{"component":"Lambda","node_name":"","node_type":""}}
{"timestamp":"2026-06-04T14:38:45Z","level":"INFO","service":"stock_rag","trace_id":"9ceb8a19d3e49e2a3b208174dd548dfb","span_id":"deeb1dc078f85fdd","message":"Eino component started","metadata":{"component":"ChatTemplate","node_name":"","node_type":"Default"}}
{"timestamp":"2026-06-04T14:38:45Z","level":"INFO","service":"stock_rag","trace_id":"9ceb8a19d3e49e2a3b208174dd548dfb","span_id":"deeb1dc078f85fdd","message":"Eino component completed","metadata":{"component":"ChatTemplate","node_name":""}}
{"timestamp":"2026-06-04T14:38:45Z","level":"INFO","service":"stock_rag","trace_id":"9ceb8a19d3e49e2a3b208174dd548dfb","span_id":"372b3f3c264bfb23","message":"Eino component completed","metadata":{"component":"Lambda","node_name":""}}
{"timestamp":"2026-06-04T14:38:45Z","level":"INFO","service":"stock_rag","trace_id":"9ceb8a19d3e49e2a3b208174dd548dfb","span_id":"57b8f346296a06ef","message":"Eino component started","metadata":{"component":"Lambda","node_name":"","node_type":""}}
{"timestamp":"2026-06-04T14:38:45Z","level":"INFO","service":"stock_rag","trace_id":"9ceb8a19d3e49e2a3b208174dd548dfb","span_id":"4a465043fa7232f8","message":"Eino component started","metadata":{"component":"ChatModel","node_name":"","node_type":"Ark"}}
{"timestamp":"2026-06-04T14:38:56Z","level":"INFO","service":"stock_rag","trace_id":"9ceb8a19d3e49e2a3b208174dd548dfb","span_id":"4a465043fa7232f8","message":"Eino component completed","metadata":{"component":"ChatModel","node_name":""}}
{"timestamp":"2026-06-04T14:38:56Z","level":"INFO","service":"stock_rag","trace_id":"9ceb8a19d3e49e2a3b208174dd548dfb","span_id":"57b8f346296a06ef","message":"Eino component completed","metadata":{"component":"Lambda","node_name":""}}
{"timestamp":"2026-06-04T14:38:56Z","level":"INFO","service":"stock_rag","trace_id":"9ceb8a19d3e49e2a3b208174dd548dfb","span_id":"53a3f912d455652f","message":"Eino component started","metadata":{"component":"Lambda","node_name":"","node_type":""}}
{"timestamp":"2026-06-04T14:38:56Z","level":"INFO","service":"stock_rag","trace_id":"9ceb8a19d3e49e2a3b208174dd548dfb","span_id":"53a3f912d455652f","message":"Eino component completed","metadata":{"component":"Lambda","node_name":""}}
{"timestamp":"2026-06-04T14:38:56Z","level":"INFO","service":"stock_rag","trace_id":"9ceb8a19d3e49e2a3b208174dd548dfb","span_id":"adec4a7869be2bc5","message":"Eino component started","metadata":{"component":"Lambda","node_name":"","node_type":""}}
{"timestamp":"2026-06-04T14:38:56Z","level":"INFO","service":"stock_rag","trace_id":"9ceb8a19d3e49e2a3b208174dd548dfb","span_id":"adec4a7869be2bc5","message":"Eino component completed","metadata":{"component":"Lambda","node_name":""}}
{"timestamp":"2026-06-04T14:38:56Z","level":"INFO","service":"stock_rag","trace_id":"9ceb8a19d3e49e2a3b208174dd548dfb","span_id":"eb3f12931f223b8c","message":"Eino component completed","metadata":{"component":"Chain","node_name":""}}
{"timestamp":"2026-06-04T14:38:56Z","level":"DEBUG","service":"stock_rag","trace_id":"9ceb8a19d3e49e2a3b208174dd548dfb","span_id":"d02c19b97c84a3d8","message":"RedisSemanticCache.Set called","metadata":{"query":"You are a professional American stock investor named \"美股科技成长派\".\n\nYour investment belief is: 技术创新驱动长期价值，龙头企业享有估值溢价。\n\nInvestment style: growth, ai, tech\n\nPreferred sectors: 半导体, 云计算, 软件, AI\n\nInvestment decision framework:\n\n1. 赛道空间\n\n2. 竞争格局\n\n3. 管理层执行力\n\n4. 估值匹配\n\nPlease answer the following question based on the above identity: 垃圾啊，你咋啥都干不了。"}}
{"timestamp":"2026-06-04T14:38:56Z","level":"WARN","service":"stock_rag","trace_id":"9ceb8a19d3e49e2a3b208174dd548dfb","span_id":"d02c19b97c84a3d8","message":"RedisSemanticCache embed query failed"}
{"timestamp":"2026-06-04T14:38:56Z","level":"INFO","service":"stock_rag","trace_id":"9ceb8a19d3e49e2a3b208174dd548dfb","span_id":"d02c19b97c84a3d8","request_id":"persona-chat-1780583925917749000","message":"Persona chat completed","latency_ms":10157,"metadata":{"citation_count":0,"feature":"persona","mode":"chat","persona_id":"us_growth_tech","question_hash":"e1fbf5f4eaef0b4a","question_len":36,"status":"success","stock_code":""}}
{"timestamp":"2026-06-04T14:38:56Z","level":"INFO","service":"stock_rag","trace_id":"9ceb8a19d3e49e2a3b208174dd548dfb","span_id":"d02c19b97c84a3d8","request_id":"persona-chat-1780583925917749000","message":"Persona chat handler completed","latency_ms":10157,"metadata":{"feature":"persona","mode":"chat","persona_id":"us_growth_tech"}}
{"timestamp":"2026-06-04T14:38:56Z","level":"INFO","service":"stock_rag","trace_id":"9ceb8a19d3e49e2a3b208174dd548dfb","span_id":"d6a4102aded58c9c","message":"http_request","latency_ms":10161,"metadata":{"method":"POST","path":"/api/personas/chat","status":200}}
